,PC1,PC2,PC3,PC4,PC5,PC6
dem,0.19344941,0.014044951,0.2135871,0.046937793,-0.05219179,0.019426614
slope,0.1965264,-0.07994083,-0.17028576,-0.023085706,0.070032515,0.061218552
aspect,-0.03430326,0.03777546,0.0023108444,0.012811724,0.10384171,0.6515977
twi,-0.09130417,0.3843363,0.009258234,-0.027600752,0.042336654,-0.048069347
hand,0.17780748,0.0272914,0.2860495,0.036819864,0.048867945,0.0044915294
flow_accumulation,0.1872026,0.18491492,-0.11792919,-0.060715232,0.053693675,0.002764713
distance_to_river,0.0,2.7755576e-17,6.938894e-18,2.220446e-16,-0.0,-1.8041124e-16
drainage_density,6.617445e-24,0.0,-1.7347235e-18,-5.551115e-17,-6.2450045e-17,6.938894e-17
chirps,0.042602137,0.008346931,-0.11083531,0.62855583,-0.045782205,0.0045925993
gpm,0.107593514,0.0067803157,-0.019775515,-0.19364089,-0.5177941,0.08624226
wetness_index,0.068788,0.3968043,-0.07251028,-0.06355722,0.062220823,-0.033833336
saturation_index,0.15173814,-0.008213314,0.33538094,0.08267357,-0.032742985,0.018315237
flood_concentration,0.19209582,0.16713822,-0.1118496,-0.056572977,0.05046683,0.0034826952
drainage_capacity,0.1965264,-0.07994083,-0.17028576,-0.023085708,0.07003251,0.061218563
twi_hand_ratio,0.019361056,-0.01874545,-0.030467505,0.022282494,-0.14261927,0.034825403
terrain_roughness,0.19663566,-0.078613535,-0.1689567,-0.021383656,0.06962059,0.060224295
northness,0.14006196,-0.058615744,-0.062660545,-0.049864423,-0.006013104,-0.0035258261
eastness,0.09288765,-0.05970686,-0.016765757,0.00589554,-0.099955656,-0.60385543
relative_elevation,0.1783684,0.023769109,0.15461573,-0.04042909,0.0243187,-9.1512375e-06
slope_aspect,0.15138818,-0.087450005,-0.12112775,-0.007206511,-0.007120424,-0.38297787
river_proximity,0.0,-4.5918e-41,5.877472e-39,3.081488e-33,-0.0,-0.0
river_influence,0.0,0.0,-1.148e-41,-0.0,-0.0,3.85186e-34
floodplain_index,0.17780748,0.0272914,0.2860495,0.036819864,0.048867945,0.0044915294
rainfall_intensity,0.108161435,0.011292645,-0.10130816,0.36283898,-0.3946423,0.06333288
rainfall_ratio,-0.03954442,0.0011329623,-0.06575783,0.5672767,0.30488154,-0.053673048
rainfall_wetness,-0.026651476,0.38478023,-0.047910925,0.16946948,-0.19256543,-0.0098014865
rainfall_flow,0.18998836,0.12928416,-0.1302714,0.13165313,-0.13299434,0.030040978
flood_susceptibility_index,0.20458406,0.07752595,0.13418709,0.029241918,0.04685001,0.018968515
flash_flood_potential,0.19457154,-0.07835784,-0.18073565,0.04247479,0.061458748,0.062487323
water_logging_potential,-0.19909328,0.05706603,0.04987669,0.0417354,0.022440143,-0.0025592658
twi_hand,0.17970781,0.029633433,0.27568954,0.029140398,0.05056068,0.0052511836
slope_flow,0.19692616,-0.057504755,-0.1754732,-0.026129426,0.07538997,0.060387764
dist_slope,0.0,0.0,-0.0,-0.0,-0.0,-0.0
drainage_rainfall,0.0,0.0,-0.0,-0.0,-0.0,-0.0
twi_squared,-0.08582148,0.38834906,0.0013870338,-0.032080244,0.042164218,-0.04771361
log_twi,-0.09473794,0.37924394,0.016118022,-0.023751426,0.04216585,-0.048437092
flow_acc_squared,0.1796791,0.2058584,-0.12424122,-0.06531462,0.05697931,0.0017124473
log_flow_acc,0.19209582,0.16713822,-0.1118496,-0.056572977,0.05046683,0.0034826952
hand_squared,0.057677973,-0.0011643887,0.27470762,0.106234096,-0.089023724,0.037630245
log_hand,0.1768796,0.016133511,0.24322616,0.037521403,-0.021807436,0.013001524
slope_squared,0.16278747,-0.0959237,-0.206251,-0.011605961,0.10000508,0.081606194
log_slope,0.20863268,-0.06172847,-0.103861354,-0.03526048,0.020537663,0.02897586
dist_center_norm,0.03221188,-0.0144432485,0.095212564,-0.015489179,0.548598,-0.10059071
dem_river_ratio,0.19344941,0.014044951,0.2135871,0.046937793,-0.05219179,0.019426614
hand_dem_ratio,0.1783684,0.023769109,0.15461573,-0.04042909,0.0243187,-9.1512375e-06
twi_slope_ratio,-0.19909328,0.05706603,0.04987669,0.0417354,0.022440143,-0.0025592658
flow_dist_ratio,0.19209582,0.16713822,-0.1118496,-0.056572977,0.05046683,0.0034826952
