feature,mean,std,min,max,flood_mean,flood_std,nonflood_mean,nonflood_std
dem,81.111145,21.506542,0.0,338.0,85.071,24.43486,77.8205,18.079748
slope,-43.52829,659.50055,-9999.0,37.949665,-5.7863894,245.21037,-74.89181,862.69525
aspect,-9867.564,1152.7731,-9999.0,354.40067,-9850.937,1223.2615,-9881.38,1090.5443
twi,-inf,inf,-3.4028235e+38,13.199925,-2.0474269e+35,inf,-inf,inf
hand,-inf,inf,-3.4028235e+38,152.0,-inf,inf,-inf,inf
flow_accumulation,-inf,inf,-3.4028235e+38,10.629687,-2.0474269e+35,inf,-inf,inf
distance_to_river,0.0,0.0,0.0,0.0,0.0,0.0,0.0,0.0
drainage_density,0.0,0.0,0.0,0.0,0.0,0.0,0.0,0.0
chirps,4986.3345,3625.9294,0.0,12512.479,5502.6426,3456.8025,4557.2827,3706.3716
gpm,12089.071,857.56805,11109.499,13817.903,12196.166,871.09406,12000.076,835.7881
