feature,is_engineered,mean,std,min,max,flood_mean,nonflood_mean
dem,False,166.60568,139.85876,64.0,678.4773,183.8436,152.28096
slope,False,6.1658015,9.909959,0.0,52.515816,7.0286636,5.448764
aspect,False,207.30452,62.004234,0.0,358.37595,209.85875,205.18193
twi,False,9.375039,0.7671395,5.952391,14.102604,9.339718,9.404392
hand,False,-52.52093,128.25188,-182.0,423.47726,-50.93323,-53.840313
flow_accumulation,False,5.758474,1.1412987,5.057837,11.265539,5.859748,5.6743155
distance_to_river,False,0.0,0.0,0.0,0.0,0.0,0.0
drainage_density,False,0.0,0.0,0.0,0.0,0.0,0.0
chirps,False,12221.953,972.4231,10198.321,16785.832,12151.603,12280.414
gpm,False,12684.194,851.54626,11109.173,13899.281,12771.942,12611.276
wetness_index,True,17.794344,2.1281579,10.722357,34.22563,17.862541,17.737669
saturation_index,True,4.240842,10.091863,0.0,63.85891,5.2414823,3.4093091
flood_concentration,True,1.8983452,0.15264389,1.8013529,2.5067937,1.9121248,1.8868946
drainage_capacity,True,616.58014,990.9959,0.0,5251.5815,702.86633,544.87646
twi_hand_ratio,True,-0.18245676,1.0795381,-34.783756,28.686394,-0.03321691,-0.30647507
terrain_roughness,True,14.035249,22.55414,0.0,120.932205,16.012459,12.392187
northness,True,-0.52663904,0.57669413,-0.99999905,1.0,-0.50417066,-0.5453103
eastness,True,-0.41093138,0.47033033,-1.0,1.0,-0.40755817,-0.4137345
relative_elevation,True,-0.89216995,0.8974727,-2.4594595,0.62323976,-0.9410804,-0.8515255
slope_aspect,True,5.141046,11.208883,0.0,85.9269,5.6626205,4.7076163
river_proximity,True,1.0,0.0,1.0,1.0,1.0,1.0
river_influence,True,0.0,0.0,0.0,0.0,0.0,0.0
floodplain_index,True,-52.52093,128.25188,-182.0,423.47726,-50.93323,-53.840313
rainfall_intensity,True,24906.146,1230.0884,23249.77,29836.322,24923.547,24891.688
rainfall_ratio,True,0.9685519,0.10439572,0.75794894,1.3082,0.9564271,0.97862756
rainfall_wetness,True,233250.1,19894.123,148675.73,354148.16,232591.83,233797.12
rainfall_flow,True,47351.84,5233.7837,41885.766,67366.11,47727.414,47039.73
flood_susceptibility_index,True,0.67657125,0.11411223,0.53992033,1.0,0.6811027,0.67280567
flash_flood_potential,True,77158.766,125989.09,0.0,739441.06,86848.3,69106.75
water_logging_potential,True,612.1409,466.4543,0.14845243,1076.6461,560.24524,655.2661
twi_hand,True,-518.5749,1184.3646,-1898.7534,4476.967,-508.86093,-526.6471
slope_flow,True,12.893593,20.906757,0.0,116.88294,14.723773,11.372715
dist_slope,True,0.0,0.0,0.0,0.0,0.0,0.0
drainage_rainfall,True,0.0,0.0,0.0,0.0,0.0,0.0
twi_squared,True,88.47986,13.97884,35.43096,198.88344,87.88532,88.97392
log_twi,True,2.3365176,0.077125,1.9390856,2.714867,2.33278,2.3396232
flow_acc_squared,True,34.46258,15.2249155,25.581715,126.91238,35.772644,33.37392
log_flow_acc,True,1.8983452,0.15264389,1.8013529,2.5067937,1.9121248,1.8868946
hand_squared,True,19206.99,21774.318,0.07193925,179333.0,22653.682,16342.79
log_hand,True,1.0325204,2.002055,0.0,6.0508585,1.2503934,0.8514679
slope_squared,True,136.2244,291.1924,0.0,2757.911,156.63696,119.26158
log_slope,True,0.9913997,1.3615853,0.0,3.9799771,1.1287954,0.87722373
dist_center_norm,True,0.48567823,0.20963046,0.012064328,0.9999938,0.44010615,0.5235486
dem_river_ratio,True,166.60568,139.85876,64.0,678.4773,183.8436,152.28096
hand_dem_ratio,True,-0.89216995,0.8974727,-2.4594595,0.62323976,-0.9410804,-0.8515255
twi_slope_ratio,True,612.1409,466.4543,0.14845243,1076.6461,560.24524,655.2661
flow_dist_ratio,True,1.8983452,0.15264389,1.8013529,2.5067937,1.9121248,1.8868946
