sample_id,row,col,flood_label
0,371,1550,0
1,1708,1917,1
2,2286,1941,1
3,1038,1385,1
4,702,1279,1
5,279,368,0
6,1669,835,1
7,1993,1387,0
8,2149,1787,1
9,1312,390,0
10,566,491,1
11,1763,870,1
12,1171,724,1
13,875,1687,1
14,76,447,0
15,1393,256,0
16,1043,630,1
17,365,1306,0
18,1406,1344,1
19,635,1076,0
20,290,460,0
21,1852,984,1
22,983,107,0
23,1918,1117,0
24,673,158,0
25,2076,1036,0
26,489,107,1
27,1483,1152,1
28,2177,231,0
29,1634,1482,1
30,2007,1540,1
31,926,1407,1
32,1137,131,0
33,2144,681,0
34,1679,1862,0
35,2004,740,0
36,1792,1452,0
37,1620,1143,1
38,1572,1177,0
39,957,1282,1
40,1205,996,1
41,1256,582,0
42,1721,1570,1
43,1080,848,1
44,1265,1294,1
45,1920,1265,1
46,936,1426,1
47,483,91,1
48,1058,1623,1
49,452,720,1
50,701,691,0
51,746,1205,0
52,811,421,0
53,487,623,1
54,1625,1161,1
55,618,531,0
56,1305,1347,0
57,83,626,1
58,448,1761,0
59,787,1777,0
60,147,121,1
61,865,1451,0
62,1025,1583,0
63,576,1623,0
64,537,1789,0
65,1791,1166,1
66,1731,1291,1
67,1223,1333,1
68,2284,963,0
69,913,1707,1
70,818,1192,0
71,1459,1593,0
72,103,1328,0
73,370,276,0
74,541,529,1
75,945,841,1
76,2253,599,0
77,443,699,1
78,788,1248,1
79,1958,1517,0
80,1392,1298,1
81,34,513,0
82,637,716,0
83,629,881,0
84,1837,1730,1
85,856,1003,0
86,1740,1293,1
87,954,794,1
88,2376,1931,0
89,703,1838,0
90,2281,1602,0
91,1,515,0
92,1507,1264,1
93,2133,1145,0
94,2302,1953,1
95,1110,648,1
96,1369,1646,0
97,1314,1326,1
98,1742,1936,1
99,2194,904,0
100,1198,1599,1
101,1282,1018,1
102,2235,1386,0
103,551,151,1
104,1242,1456,0
105,718,881,0
106,582,610,1
107,1062,1044,0
108,175,565,1
109,1820,1474,0
110,1176,364,0
111,403,1214,0
112,1225,451,0
113,726,284,0
114,154,511,0
115,2075,1187,0
116,901,855,1
117,896,1202,0
118,1820,97,0
119,1781,1299,1
120,2006,1540,1
121,1591,1721,0
122,1150,1580,1
123,973,437,0
124,2193,1422,0
125,2314,1328,0
126,1927,1948,1
127,983,1287,1
128,1826,644,0
129,1227,1336,1
130,1348,91,0
131,1060,1306,1
132,255,62,1
133,1701,908,1
134,1762,1901,1
135,2165,1323,0
136,1962,1234,0
137,941,595,0
138,18,1137,0
139,2062,720,0
140,1657,1410,0
141,1363,1788,1
142,1910,1540,0
143,2362,1305,0
144,84,74,0
145,241,296,0
146,625,1102,0
147,146,287,1
148,2282,565,0
149,1160,1234,0
150,1071,622,0
151,326,638,0
152,727,702,1
153,2119,1602,0
154,1288,1654,0
155,701,703,1
156,2270,1894,1
157,1467,304,0
158,146,1673,0
159,65,445,0
160,1674,1220,1
161,1441,1168,1
162,2274,1206,0
163,914,512,0
164,2138,1165,0
165,777,1302,0
166,1129,1490,1
167,1853,1487,0
168,1757,839,0
169,1174,955,0
170,719,774,1
171,831,647,1
172,760,1605,0
173,560,582,1
174,1453,1217,1
175,107,275,1
176,2290,1662,1
177,1345,850,1
178,1726,666,0
179,2289,81,0
180,1524,1037,1
181,1446,1185,1
182,963,1059,0
183,1148,1532,0
184,1625,1619,1
185,248,1730,0
186,3,937,0
187,2252,1765,1
188,1709,989,0
189,1105,1392,1
190,247,750,0
191,1926,1052,0
192,183,590,0
193,1620,1744,0
194,1014,1921,0
195,703,1213,0
196,1271,1343,1
197,1409,790,0
198,126,802,1
199,503,394,0
200,1651,889,1
201,2015,71,0
202,514,1567,0
203,177,795,1
204,1456,1405,0
205,1567,1229,0
206,2141,1752,0
207,2141,1916,0
208,537,1774,0
209,2133,1427,0
210,1841,1233,1
211,1642,979,0
212,1773,638,0
213,1374,1837,1
214,1948,1823,0
215,805,33,0
216,1733,1350,1
217,1778,872,1
218,2146,1764,1
219,2249,1628,1
220,2077,396,0
221,836,1928,0
222,1124,1300,1
223,700,1172,0
224,139,806,1
225,511,520,1
226,1736,1295,1
227,1842,1404,0
228,274,1179,0
229,2110,1740,1
230,2015,141,0
231,251,300,0
232,1543,1218,0
233,2153,1781,1
234,1035,692,0
235,466,1488,0
236,1916,1898,0
237,843,1894,0
238,1638,303,0
239,1594,191,0
240,1180,1118,0
241,1769,1079,1
242,156,687,1
243,1491,952,0
244,918,1709,1
245,450,538,1
246,1567,1909,1
247,1366,559,0
248,1067,1266,0
249,2073,282,0
250,2238,642,0
251,2023,1160,0
252,52,1334,0
253,1476,1730,1
254,2193,479,0
255,2031,1127,0
256,1624,591,0
257,311,229,0
258,850,582,1
259,1469,897,0
260,1715,221,0
261,2350,722,0
262,827,563,1
263,1806,29,0
264,1783,1824,1
265,1988,1812,0
266,1472,1008,1
267,1581,82,0
268,436,868,0
269,1608,1080,1
270,2409,1061,0
271,1116,690,0
272,1815,897,0
273,1844,1824,1
274,2308,1710,0
275,1071,660,1
276,621,1275,0
277,2146,1327,0
278,2195,501,0
279,846,557,1
280,1126,1588,1
281,1488,1812,1
282,1804,1692,0
283,896,978,0
284,823,1318,1
285,1441,1796,1
286,1291,782,0
287,949,1652,1
288,1498,639,0
289,801,1692,0
290,1813,1576,1
291,2036,939,0
292,1531,830,1
293,822,365,0
294,1803,1123,1
295,1705,1501,0
296,1947,199,0
297,920,1071,0
298,821,486,1
299,2185,1818,1
300,768,1710,1
301,361,132,0
302,1629,1022,0
303,382,551,1
304,294,111,0
305,1796,1589,1
306,937,1275,1
307,1284,684,0
308,1425,1269,0
309,83,236,0
310,1063,1742,0
311,1535,847,1
312,644,594,1
313,942,1672,1
314,1445,1940,0
315,1849,1097,1
316,1314,1689,0
317,1679,850,1
318,1859,617,0
319,1028,1533,0
320,1778,1059,1
321,838,60,0
322,1971,1871,0
323,83,352,0
324,629,1862,0
325,249,1544,0
326,1163,1213,0
327,380,14,1
328,1023,1786,1
329,1773,1357,1
330,710,1746,1
331,322,585,0
332,1573,885,0
333,1892,484,0
334,1458,893,0
335,1582,1185,0
336,243,109,1
337,1019,1797,1
338,1541,533,0
339,493,109,1
340,1000,1765,1
341,1511,1197,0
342,901,1304,0
343,2334,594,0
344,1757,745,0
345,1069,1899,0
346,1257,740,0
347,1703,1918,0
348,47,254,0
349,478,515,1
350,2065,1750,1
351,2320,203,0
352,2415,3,0
353,1174,1738,1
354,549,151,1
355,2142,1697,1
356,190,1563,0
357,2413,249,0
358,1896,305,0
359,422,1245,0
360,1143,459,0
361,787,1797,1
362,1052,1305,1
363,2246,1711,1
364,1006,819,1
365,1450,1865,1
366,1563,1523,1
367,1545,1085,1
368,6,666,1
369,947,1687,1
370,1424,678,0
371,215,1283,0
372,418,1125,0
373,1474,480,0
374,969,1476,0
375,1575,481,0
376,1347,716,1
377,225,1319,0
378,207,1310,0
379,2074,818,0
380,253,64,1
381,1195,1356,0
382,1674,1606,0
383,1011,1408,1
384,183,969,0
385,631,237,0
386,2185,1661,1
387,1544,760,1
388,1552,126,0
389,1371,1838,1
390,1857,1003,0
391,478,666,1
392,393,742,0
393,189,1353,0
394,9,981,0
395,464,579,1
396,131,802,1
397,1493,1172,0
398,2331,998,0
399,451,1686,0
400,2176,1097,0
401,1457,1055,1
402,690,401,0
403,1373,385,0
404,1029,1614,1
405,50,267,1
406,1326,916,0
407,93,62,0
408,2150,448,0
409,139,578,1
410,1731,1252,0
411,715,1276,1
412,883,539,1
413,717,1061,0
414,1664,1347,1
415,1548,1096,0
416,1828,1746,1
417,210,80,1
418,1980,634,0
419,668,876,0
420,1025,1572,0
421,268,115,1
422,706,157,0
423,1714,913,1
424,1262,1454,1
425,1419,1843,1
426,1869,571,0
427,907,1702,1
428,452,570,1
429,190,1712,0
430,2369,1670,0
431,564,155,1
432,692,708,1
433,1034,788,1
434,1338,763,1
435,867,907,0
436,1714,1529,1
437,1210,1345,0
438,1653,1737,1
439,1979,1861,1
440,1753,841,0
441,226,101,1
442,1170,989,1
443,1770,1663,1
444,516,1576,0
445,822,1586,0
446,1474,1792,0
447,695,1752,1
448,1706,1741,1
449,1815,1441,1
450,1728,1814,0
451,1144,1888,0
452,117,1863,0
453,1405,744,1
454,1589,1208,1
455,730,785,1
456,1816,1572,1
457,1264,1326,0
458,2074,1736,1
459,2236,1866,1
460,1364,988,1
461,1421,1797,1
462,222,210,1
463,1985,1546,1
464,1627,967,1
465,1217,758,1
466,2365,1476,0
467,1462,781,0
468,1710,1731,0
469,972,1429,0
470,47,1330,0
471,949,1844,0
472,1665,1359,1
473,1688,840,0
474,752,1775,1
475,312,1575,0
476,1352,730,1
477,1479,1001,0
478,1356,882,0
479,1759,772,0
480,1541,1754,1
481,1026,719,1
482,2267,1944,1
483,2357,780,0
484,105,490,1
485,1086,1033,0
486,817,797,0
487,668,675,1
488,1918,1330,0
489,1047,1272,1
490,57,573,1
491,354,56,0
492,810,1850,0
493,1174,1592,1
494,1384,1006,1
495,1295,266,0
496,125,1242,0
497,421,586,1
498,1034,1220,0
499,1371,1949,1
500,1751,1355,0
501,1155,653,0
502,242,212,1
503,2,1427,0
504,1727,1226,1
505,51,1214,0
506,191,432,1
507,1877,1706,0
508,67,1240,0
509,2024,318,0
510,1528,772,1
511,966,1285,1
512,1389,1379,0
513,1491,1341,1
514,1286,1714,1
515,1368,753,1
516,42,634,1
517,247,59,1
518,2058,653,0
519,2364,1402,0
520,1538,968,0
521,1831,71,0
522,706,933,0
523,1963,285,0
524,411,823,0
525,383,551,1
526,714,579,0
527,839,1259,1
528,1673,1298,0
529,306,1951,0
530,485,107,1
531,1098,744,1
532,267,115,1
533,1943,187,0
534,1395,765,1
535,1305,813,1
536,562,144,0
537,1214,1011,1
538,1502,1133,0
539,422,490,0
540,1908,1656,0
541,918,1409,1
542,926,1267,0
543,550,1310,0
544,1711,64,0
545,1782,936,1
546,249,215,1
547,781,1078,0
548,488,673,0
549,2260,442,0
550,1648,967,1
551,502,878,0
552,548,151,1
553,150,686,1
554,1452,1332,0
555,1718,501,0
556,966,856,1
557,215,117,1
558,1439,1819,1
559,1092,882,0
560,1612,1797,0
561,1127,801,1
562,1560,790,0
563,1694,693,0
564,1326,1558,0
565,2083,383,0
566,2230,1233,0
567,1270,1397,1
568,2260,81,0
569,1118,1514,0
570,234,454,1
571,361,1552,0
572,2246,1685,1
573,2159,432,0
574,563,1447,0
575,1100,1801,1
576,1722,1286,1
577,990,128,0
578,739,10,0
579,941,1297,1
580,1032,1844,1
581,1184,790,1
582,2056,1533,1
583,1906,100,0
584,2249,638,0
585,1761,224,0
586,93,1050,0
587,635,713,0
588,1254,43,0
589,2266,785,0
590,1919,1564,1
591,603,1570,0
592,1450,1877,1
593,1728,1101,1
594,1651,621,0
595,1712,1514,1
596,2158,420,0
597,717,1880,0
598,1843,1924,1
599,1984,1657,1
600,35,251,0
601,1110,56,0
602,1678,1066,1
603,2308,398,0
604,1492,1037,0
605,1216,813,0
606,1684,1054,1
607,761,365,0
608,69,630,0
609,1156,770,1
610,612,423,0
611,407,548,0
612,158,439,0
613,1516,1823,1
614,2131,1430,0
615,2032,364,0
616,1012,1258,1
617,21,1757,0
618,95,434,1
619,318,1440,0
620,1247,1662,1
621,1575,779,1
622,187,421,1
623,1078,1306,1
624,1790,35,0
625,1528,1330,1
626,91,457,0
627,1177,990,1
628,1296,1005,1
629,1659,294,0
630,1165,1357,1
631,2404,927,0
632,1939,938,0
633,1597,595,0
634,1099,713,1
635,156,1218,0
636,1102,1802,1
637,1789,800,0
638,1484,533,0
639,2351,1651,0
640,58,1472,0
641,2085,524,0
642,1201,1034,1
643,1513,1305,0
644,240,195,0
645,721,899,0
646,1386,870,0
647,2373,871,0
648,1628,781,1
649,1978,1205,0
650,994,911,1
651,922,1700,0
652,2228,1555,0
653,353,346,0
654,2019,1833,1
655,1530,1360,1
656,2134,1783,1
657,348,690,0
658,166,377,1
659,1013,869,0
660,406,1847,0
661,625,654,1
662,2138,1623,0
663,1654,32,0
664,801,1082,0
665,1306,1393,1
666,1993,1536,0
667,1778,899,1
668,1366,1291,0
669,296,480,0
670,523,1146,0
671,1657,1195,0
672,405,1699,0
673,1377,1745,1
674,1499,1824,0
675,559,151,1
676,1714,578,0
677,170,122,1
678,241,110,1
679,1553,1734,1
680,902,152,0
681,1097,335,0
682,1095,1281,1
683,1067,1499,1
684,783,659,0
685,13,578,0
686,872,1758,0
687,1504,1504,0
688,6,267,0
689,348,584,0
690,1361,992,0
691,952,1651,1
692,1437,84,0
693,1141,977,0
694,1677,660,0
695,1253,1305,0
696,219,914,0
697,1680,873,1
698,635,120,0
699,1616,891,1
700,534,15,0
701,2105,1699,1
702,1029,1790,0
703,1415,1822,0
704,2064,1695,1
705,1608,1873,1
706,1950,1640,0
707,530,1880,0
708,1598,539,0
709,964,1813,0
710,680,528,1
711,1782,1927,1
712,897,655,1
713,961,1673,1
714,51,1902,0
715,1259,1856,0
716,658,509,0
717,457,719,1
718,257,1778,0
719,655,1685,0
720,1602,1752,1
721,1879,1726,1
722,978,1861,0
723,2013,1537,1
724,838,1333,1
725,2370,1024,0
726,654,600,1
727,435,559,1
728,929,840,1
729,887,1255,1
730,1835,535,0
731,775,526,1
732,2390,63,0
733,2398,207,0
734,1444,744,1
735,1344,596,0
736,609,294,0
737,949,1778,1
738,1853,1522,1
739,1905,1415,0
740,1476,1370,0
741,381,668,0
742,444,552,1
743,1810,306,0
744,1247,1295,1
745,1052,1656,1
746,1865,1792,1
747,672,1762,1
748,1499,1768,1
749,1655,831,0
750,931,578,1
751,629,1695,0
752,556,151,1
753,993,632,0
754,2363,1371,0
755,1613,1609,0
756,2114,1798,1
757,1029,1093,0
758,1034,1763,1
759,1366,947,1
760,118,1840,0
761,443,1217,0
762,1085,1788,0
763,582,1230,0
764,477,578,1
765,1732,1115,1
766,1978,336,0
767,1323,1409,0
768,2040,212,0
769,1504,735,1
770,2406,20,0
771,527,516,1
772,1455,927,1
773,645,721,0
774,1413,1215,1
775,1834,1646,1
776,213,1777,0
777,408,1476,0
778,150,122,1
779,1280,342,0
780,446,1366,0
781,427,1414,0
782,1057,261,0
783,1149,1024,0
784,1013,424,0
785,147,687,1
786,243,59,1
787,943,1183,0
788,1212,678,1
789,547,151,1
790,579,344,0
791,1781,889,1
792,386,342,0
793,612,1420,0
794,1591,893,1
795,463,1653,0
796,555,1560,0
797,1905,334,0
798,810,1781,1
799,1034,1385,1
800,1931,1005,0
801,183,1183,0
802,209,452,1
803,1005,1527,0
804,2411,353,0
805,2153,581,0
806,577,305,0
807,515,668,1
808,852,1544,0
809,1613,1709,1
810,699,702,1
811,245,93,1
812,82,215,0
813,2048,300,0
814,677,1759,1
815,1986,933,0
816,716,1280,1
817,951,1587,0
818,923,838,1
819,674,954,0
820,1583,1511,1
821,2153,945,0
822,548,1141,0
823,713,1747,1
824,1834,1935,1
825,174,783,1
826,1757,969,0
827,948,1404,1
828,1270,178,0
829,1428,1738,1
830,139,126,1
831,220,217,1
832,2289,126,0
833,397,311,0
834,317,452,0
835,1070,1677,0
836,1336,1594,0
837,903,848,1
838,20,24,0
839,1463,12,0
840,119,1617,0
841,2415,840,0
842,98,181,1
843,1089,785,1
844,2369,663,0
845,583,638,1
846,2146,1624,1
847,26,339,1
848,17,324,1
849,813,702,0
850,694,534,1
851,1707,1309,1
852,2107,1729,1
853,1984,448,0
854,897,1385,0
855,705,912,0
856,55,126,0
857,1599,223,0
858,1188,780,0
859,452,386,1
860,946,1376,0
861,873,1762,1
862,671,535,0
863,471,904,0
864,176,795,1
865,678,1641,0
866,474,25,0
867,2019,1534,1
868,1319,1005,1
869,533,1839,0
870,1632,390,0
871,1669,1054,1
872,1993,1546,1
873,1171,1516,1
874,1912,1561,1
875,2119,114,0
876,978,1767,1
877,890,1336,1
878,1918,1264,1
879,2075,1924,0
880,1838,1518,1
881,51,902,0
882,181,118,1
883,67,971,0
884,523,351,0
885,2002,1541,1
886,1296,1059,0
887,256,630,0
888,1575,997,0
889,2294,1004,0
890,2090,1281,0
891,2412,1793,0
892,2136,306,0
893,1404,360,0
894,953,1359,0
895,928,1596,1
896,1636,1724,1
897,1766,281,0
898,1371,459,0
899,701,272,0
900,1087,1304,1
901,1972,411,0
902,630,631,1
903,748,1695,0
904,1913,1917,0
905,1326,1330,1
906,650,666,0
907,743,624,1
908,1713,1925,0
909,1393,1792,1
910,1206,520,0
911,535,931,0
912,627,1317,0
913,697,139,0
914,1463,1044,1
915,1027,1613,1
916,1278,661,0
917,1869,1836,0
918,2065,957,0
919,2321,1886,0
920,1481,1017,1
921,1438,91,0
922,1672,1788,1
923,2211,1882,0
924,2236,1122,0
925,2069,532,0
926,572,54,0
927,150,891,0
928,292,1812,0
929,849,680,1
930,2245,36,0
931,183,1168,0
932,865,1392,0
933,1866,1792,1
934,1604,1633,1
935,2161,1807,0
936,1402,1351,0
937,354,1099,0
938,2336,1918,1
939,83,650,0
940,2049,1530,1
941,478,1132,0
942,1521,757,1
943,340,834,0
944,1775,895,1
945,1611,1427,0
946,1359,744,1
947,816,1376,0
948,951,1549,1
949,1629,781,1
950,263,113,1
951,975,706,1
952,230,1888,0
953,1528,1210,0
954,1201,633,0
955,387,538,1
956,1882,1657,1
957,717,73,0
958,1450,1584,1
959,553,151,1
960,1572,767,0
961,652,306,0
962,747,838,0
963,1517,1436,1
964,883,464,0
965,885,754,1
966,1744,975,1
967,136,117,1
968,1129,1401,0
969,2377,1952,1
970,248,59,1
971,1539,1915,1
972,1173,1641,0
973,103,626,0
974,567,900,0
975,1366,1789,1
976,1289,985,0
977,368,1412,0
978,2375,1626,0
979,1268,1728,1
980,130,275,0
981,1897,194,0
982,1247,922,1
983,968,1765,1
984,1809,1796,1
985,1684,612,0
986,415,1868,0
987,1931,1564,1
988,1453,1549,1
989,1195,947,0
990,581,1473,0
991,928,1407,1
992,1781,881,0
993,1255,1772,1
994,717,565,1
995,716,553,1
996,2081,1904,0
997,311,1423,0
998,908,1422,0
999,425,386,1
1000,1093,1318,0
1001,2341,1336,0
1002,1095,1439,1
1003,2269,203,0
1004,1926,1268,1
1005,1444,1373,1
1006,1721,999,0
1007,44,417,0
1008,1210,1393,1
1009,1931,1271,1
1010,32,1680,0
1011,1594,782,1
1012,1143,987,1
1013,1763,1499,0
1014,2226,1089,0
1015,906,1650,0
1016,1831,1702,0
1017,1962,1931,1
1018,1314,324,0
1019,2322,1914,1
1020,1375,991,1
1021,2272,1894,0
1022,1207,1006,1
1023,476,92,1
1024,1730,1440,1
1025,1781,654,0
1026,1670,1466,0
1027,1787,904,1
1028,947,1779,1
1029,1351,1063,1
1030,134,1082,0
1031,528,578,1
1032,1067,509,0
1033,294,549,0
1034,1750,1103,1
1035,600,363,0
1036,2182,795,0
1037,1224,717,1
1038,1474,1636,0
1039,921,1426,1
1040,1976,35,0
1041,1664,978,0
1042,480,91,1
1043,1935,470,0
1044,2149,1124,0
1045,2242,1674,1
1046,407,346,0
1047,1136,250,0
1048,1337,1430,0
1049,190,432,1
1050,1106,1304,1
1051,2062,1536,1
1052,765,1092,0
1053,1116,1300,1
1054,662,726,1
1055,1013,368,0
1056,1873,258,0
1057,384,1818,0
1058,948,1419,1
1059,641,1118,0
1060,1982,399,0
1061,1183,1101,0
1062,897,943,0
1063,706,1732,0
1064,742,370,0
1065,1335,738,1
1066,1870,346,0
1067,814,1782,1
1068,2243,1750,1
1069,2145,1680,1
1070,234,512,0
1071,1909,505,0
1072,381,541,1
1073,923,1729,0
1074,2266,307,0
1075,351,1652,0
1076,1451,1563,0
1077,121,868,0
1078,526,820,0
1079,1764,776,0
1080,2324,246,0
1081,1768,1354,1
1082,405,1136,0
1083,1441,178,0
1084,1177,678,1
1085,1804,712,0
1086,1599,1726,1
1087,1258,1568,0
1088,2096,1700,1
1089,2387,1597,0
1090,852,1679,1
1091,1722,1533,1
1092,1560,970,1
1093,2038,196,0
1094,518,527,0
1095,1204,418,0
1096,1448,1451,0
1097,1382,1388,1
1098,164,782,1
1099,454,806,1
1100,1760,931,1
1101,1737,1032,1
1102,1683,1054,1
1103,889,1054,0
1104,1083,450,0
1105,717,1747,1
1106,1731,1951,0
1107,695,713,1
1108,1532,1330,1
1109,1545,1605,1
1110,1236,741,1
1111,131,78,0
1112,1093,438,0
1113,1101,1754,1
1114,2011,1781,1
1115,130,802,1
1116,1697,1043,0
1117,1486,1766,1
1118,2100,106,0
1119,298,617,0
1120,1262,845,0
1121,1086,1304,1
1122,1176,681,1
1123,861,703,1
1124,1167,856,1
1125,2191,1839,0
1126,754,1018,0
1127,1439,1372,1
1128,1658,349,0
1129,2196,1648,1
1130,2024,140,0
1131,1020,605,1
1132,2078,1617,0
1133,816,517,0
1134,281,1260,0
1135,2218,1041,0
1136,2170,1592,0
1137,1547,752,1
1138,482,91,1
1139,2222,1662,1
1140,439,1921,0
1141,733,489,0
1142,542,1515,0
1143,267,1527,0
1144,2128,1191,0
1145,1870,1559,1
1146,194,315,1
1147,556,456,1
1148,1663,702,0
1149,33,1578,0
1150,693,1718,0
1151,220,126,1
1152,199,1105,0
1153,1470,975,0
1154,860,1253,1
1155,2276,1904,1
1156,1252,1647,1
1157,714,492,1
1158,2294,1812,0
1159,488,1209,0
1160,1852,1344,0
1161,1493,1485,1
1162,951,668,1
1163,2037,1741,1
1164,1897,136,0
1165,1018,1542,1
1166,681,1792,1
1167,1370,985,1
1168,1923,1593,0
1169,856,374,0
1170,1803,943,1
1171,1412,1236,0
1172,519,569,1
1173,210,1932,0
1174,502,1657,0
1175,2356,50,0
1176,850,585,1
1177,1917,312,0
1178,922,838,1
1179,677,1114,0
1180,338,738,0
1181,1812,328,0
1182,1009,50,0
1183,2167,1658,1
1184,1559,1257,0
1185,2267,1467,0
1186,1924,422,0
1187,2150,693,0
1188,291,706,0
1189,1097,1118,0
1190,1679,873,1
1191,1415,1323,0
1192,2201,870,0
1193,1397,952,1
1194,384,351,0
1195,1752,1923,1
1196,445,1856,0
1197,1137,787,1
1198,1607,882,1
1199,2065,1883,0
1200,1834,1165,1
1201,1413,1394,1
1202,826,642,1
1203,1386,1397,0
1204,2054,1014,0
1205,1522,773,1
1206,1373,1938,0
1207,1242,1401,0
1208,2398,768,0
1209,2318,1326,0
1210,1548,174,0
1211,546,151,1
1212,463,582,1
1213,2099,1473,0
1214,1190,1349,0
1215,478,557,1
1216,1058,1409,1
1217,557,277,0
1218,1409,774,1
1219,2185,1122,0
1220,1917,1263,1
1221,1716,1731,0
1222,734,1797,1
1223,244,93,1
1224,941,833,1
1225,1082,1628,1
1226,69,653,1
1227,1758,1562,1
1228,1248,439,0
1229,1165,1519,1
1230,1930,1564,1
1231,1655,1350,1
1232,1361,983,0
1233,1439,751,1
1234,2307,934,0
1235,1764,1566,1
1236,1426,1374,1
1237,1378,980,0
1238,453,710,1
1239,1859,1549,1
1240,1066,1579,0
1241,898,493,0
1242,448,542,1
1243,328,907,0
1244,481,290,0
1245,1059,1470,0
1246,504,608,0
1247,1306,1708,1
1248,1498,1030,1
1249,2357,1943,1
1250,464,1392,0
1251,1419,143,0
1252,1117,1747,1
1253,190,1351,0
1254,1700,1607,0
1255,1334,880,1
1256,1219,420,0
1257,1350,884,1
1258,15,90,0
1259,1908,1566,0
1260,1335,1377,1
1261,773,1708,1
1262,1037,1266,1
1263,472,570,1
1264,550,151,1
1265,383,1790,0
1266,1407,761,1
1267,1345,1621,0
1268,2148,223,0
1269,1566,276,0
1270,2265,856,0
1271,489,1045,0
1272,1106,1879,0
1273,1172,1069,0
1274,1753,735,0
1275,191,1496,0
1276,928,1438,0
1277,815,542,1
1278,649,572,1
1279,206,0,0
1280,1646,1417,0
1281,39,483,1
1282,296,737,0
1283,1288,1029,1
1284,999,863,1
1285,2215,185,0
1286,383,1591,0
1287,142,1187,0
1288,1503,1214,1
1289,476,525,1
1290,285,49,0
1291,1177,1071,0
1292,1412,1803,1
1293,1394,1193,0
1294,1863,1503,1
1295,2330,1447,0
1296,1391,1097,1
1297,1773,1948,0
1298,1214,1016,1
1299,468,637,0
1300,2244,408,0
1301,248,214,1
1302,1686,357,0
1303,1350,1786,0
1304,198,1011,0
1305,2323,1915,1
1306,1452,1658,1
1307,2268,1737,0
1308,531,247,0
1309,1288,57,0
1310,998,1389,1
1311,1246,668,1
1312,927,839,1
1313,1157,1748,1
1314,436,892,0
1315,187,1945,0
1316,1446,1623,0
1317,2072,1254,0
1318,454,535,1
1319,147,488,1
1320,246,59,1
1321,1281,1303,1
1322,1399,1910,1
1323,1611,1877,1
1324,979,1397,1
1325,237,754,0
1326,2221,1474,0
1327,471,95,1
1328,2369,159,0
1329,1139,1341,1
1330,1996,803,0
1331,1845,713,0
1332,1461,743,1
1333,1541,874,1
1334,752,1749,1
1335,1101,1421,1
1336,1992,1545,1
1337,37,776,0
1338,1389,1944,1
1339,303,966,0
1340,868,15,0
1341,977,616,0
1342,1454,1759,0
1343,1488,1151,0
1344,476,111,1
1345,1292,1848,0
1346,1521,772,0
1347,1609,1873,1
1348,167,294,1
1349,134,803,1
1350,1704,986,0
1351,1484,1500,1
1352,1607,1431,1
1353,481,720,0
1354,1283,248,0
1355,445,554,1
1356,536,532,1
1357,900,415,0
1358,832,1339,0
1359,569,220,0
1360,323,1064,0
1361,1044,1648,1
1362,1853,141,0
1363,355,153,0
1364,433,1052,0
1365,1131,532,0
1366,2238,1747,1
1367,1709,934,1
1368,2161,1861,0
1369,482,108,1
1370,1924,1438,0
1371,1441,1347,1
1372,1154,405,0
1373,1385,1206,0
1374,1234,1640,1
1375,1581,1510,1
1376,1292,1643,1
1377,1385,1353,1
1378,1497,1008,1
1379,188,1677,0
1380,42,749,0
1381,1272,1327,1
1382,1165,1055,0
1383,1537,1692,0
1384,1529,1218,1
1385,185,1399,0
1386,980,1435,1
1387,1036,1385,1
1388,1128,1588,1
1389,1554,1636,0
1390,1679,925,0
1391,99,593,1
1392,82,488,1
1393,974,1671,1
1394,2004,1540,1
1395,472,114,1
1396,978,695,1
1397,2000,625,0
1398,1244,1682,1
1399,1535,1410,1
1400,1782,1843,0
1401,876,797,1
1402,2294,1663,1
1403,406,599,1
1404,1002,99,0
1405,21,1917,0
1406,1229,668,1
1407,744,1783,1
1408,348,1856,0
1409,950,1549,1
1410,21,485,1
1411,1491,1012,1
1412,200,357,1
1413,404,1465,0
1414,962,1419,0
1415,1284,1190,0
1416,1649,88,0
1417,367,1518,0
1418,2273,1568,0
1419,710,288,0
1420,123,274,1
1421,1275,1557,1
1422,1063,224,0
1423,1179,700,0
1424,2049,1949,0
1425,386,11,1
1426,88,186,1
1427,1809,1703,1
1428,2278,547,0
1429,33,335,1
1430,1563,1097,1
1431,1910,1253,1
1432,950,1778,1
1433,749,1757,1
1434,14,251,0
1435,193,317,1
1436,1938,1774,1
1437,2027,1780,1
1438,1121,380,0
1439,327,1465,0
1440,161,686,1
1441,926,104,0
1442,2057,1548,0
1443,1011,1258,1
1444,1575,894,0
1445,2342,784,0
1446,1862,1922,1
1447,1935,1564,1
1448,2309,1910,1
1449,1013,434,0
1450,946,1406,1
1451,820,972,0
1452,133,117,1
1453,2254,225,0
1454,834,1241,1
1455,946,1779,1
1456,1598,1444,0
1457,857,1436,0
1458,67,166,0
1459,1047,1095,0
1460,1380,1510,0
1461,707,710,1
1462,964,886,0
1463,744,559,1
1464,172,565,1
1465,1620,1621,1
1466,1252,902,1
1467,722,1770,1
1468,1597,761,1
1469,1083,694,1
1470,704,1745,1
1471,877,1586,1
1472,1805,1225,1
1473,1624,1782,0
1474,1513,842,0
1475,61,1463,0
1476,1734,1479,0
1477,478,91,1
1478,1756,1339,0
1479,1061,484,0
1480,227,485,1
1481,1681,834,1
1482,154,1213,0
1483,1290,703,0
1484,28,407,1
1485,678,1795,1
1486,550,1277,0
1487,766,1374,0
1488,1811,1690,1
1489,1303,170,0
1490,1789,1164,0
1491,1081,888,1
1492,707,724,0
1493,387,11,1
1494,1285,935,1
1495,2403,659,0
1496,1606,1341,1
1497,1899,816,0
1498,1281,742,1
1499,1433,1829,1
1500,1620,1811,1
1501,1592,863,1
1502,1889,997,0
1503,2097,1720,1
1504,905,804,1
1505,361,938,0
1506,2200,745,0
1507,546,1408,0
1508,876,1839,0
1509,1677,1921,1
1510,1366,594,0
1511,1118,933,1
1512,1459,170,0
1513,1897,1216,0
1514,867,1764,1
1515,1524,1366,1
1516,2364,1807,0
1517,1540,1681,1
1518,2185,1640,1
1519,1105,909,1
1520,273,629,0
1521,1112,794,1
1522,504,296,0
1523,1178,990,1
1524,937,1755,0
1525,938,677,0
1526,328,284,0
1527,1796,891,1
1528,36,1663,0
1529,362,33,0
1530,1673,1808,1
1531,187,1053,0
1532,1110,1301,1
1533,246,213,1
1534,23,629,0
1535,802,620,1
1536,1873,1350,0
1537,200,599,0
1538,749,505,0
1539,1949,65,0
1540,977,1630,1
1541,2042,1440,0
1542,785,756,1
1543,98,569,0
1544,1332,408,0
1545,2068,1223,0
1546,1906,796,0
1547,1142,1583,1
1548,1603,741,0
1549,1393,586,0
1550,1393,1919,1
1551,692,1353,0
1552,469,43,0
1553,1431,1174,1
1554,1169,981,1
1555,2298,1679,0
1556,650,551,0
1557,1719,1434,1
1558,2224,1694,0
1559,2247,1670,1
1560,659,1827,0
1561,1042,842,0
1562,1842,1582,1
1563,1357,786,1
1564,789,1611,0
1565,1880,1894,1
1566,1909,1244,0
1567,648,506,0
1568,2002,933,0
1569,1989,1084,0
1570,940,1421,1
1571,1214,1652,0
1572,918,809,1
1573,389,999,0
1574,1508,218,0
1575,882,743,0
1576,823,1756,0
1577,1170,997,1
1578,1354,1335,1
1579,942,34,0
1580,1456,615,0
1581,1377,1334,1
1582,1619,1142,0
1583,20,398,1
1584,1318,1314,1
1585,1728,920,0
1586,809,121,0
1587,383,611,1
1588,1005,844,1
1589,1110,1421,0
1590,957,1920,0
1591,1380,1840,1
1592,986,1825,0
1593,543,1578,0
1594,1285,787,1
1595,1074,1614,1
1596,130,873,0
1597,1326,1486,1
1598,875,628,1
1599,2015,1800,0
1600,433,1028,0
1601,1712,276,0
1602,1921,1266,1
1603,2196,1747,1
1604,1499,43,0
1605,1466,1772,0
1606,1849,203,0
1607,945,1552,1
1608,2146,1680,1
1609,2154,1789,1
1610,719,368,0
1611,821,567,1
1612,1824,487,0
1613,1046,911,0
1614,2168,1266,0
1615,858,1252,1
1616,351,289,0
1617,2040,1532,1
1618,1823,1591,0
1619,216,82,1
1620,1836,1557,1
1621,1239,787,1
1622,1493,1400,1
1623,197,115,1
1624,145,690,1
1625,1551,1882,1
1626,1238,889,1
1627,1393,870,0
1628,1806,997,1
1629,896,669,1
1630,2241,652,0
1631,805,1914,0
1632,849,380,0
1633,931,1425,1
1634,1861,1345,0
1635,1077,1399,1
1636,592,449,1
1637,1716,452,0
1638,702,361,0
1639,711,100,0
1640,584,1139,0
1641,1012,1710,0
1642,815,1783,1
1643,2292,102,0
1644,1387,785,0
1645,2211,1772,1
1646,1797,1346,1
1647,1722,1435,1
1648,2408,986,0
1649,744,994,0
1650,413,576,1
1651,1524,1736,1
1652,2374,1367,0
1653,1862,1257,0
1654,1344,810,1
1655,1406,1953,1
1656,487,107,1
1657,1912,1256,1
1658,1921,1720,0
1659,1807,320,0
1660,1320,774,0
1661,986,359,0
1662,1695,1307,1
1663,1732,938,1
1664,1085,1852,0
1665,12,258,1
1666,1437,1335,1
1667,1096,1283,1
1668,1619,1802,1
1669,1113,1600,1
1670,1077,1305,0
1671,1692,553,0
1672,1414,1127,1
1673,360,253,0
1674,1588,1633,0
1675,1011,1762,1
1676,51,263,1
1677,1917,1801,1
1678,2166,1451,0
1679,1695,1318,1
1680,1712,1064,1
1681,1450,815,1
1682,1056,791,1
1683,1278,1681,1
1684,485,608,1
1685,1887,1815,1
1686,125,282,1
1687,2188,1718,1
1688,1459,1328,1
1689,138,483,1
1690,1649,1749,1
1691,1431,758,0
1692,1952,720,0
1693,1317,976,1
1694,800,173,0
1695,1544,729,1
1696,283,1818,0
1697,717,1271,1
1698,1416,591,0
1699,1599,885,0
1700,2004,274,0
1701,891,1941,0
1702,2023,1821,1
1703,770,1350,0
1704,416,19,1
1705,1417,980,1
1706,852,404,0
1707,1455,1147,0
1708,717,1811,0
1709,389,1260,0
1710,1170,668,1
1711,2230,1693,1
1712,1361,1039,1
1713,2229,1446,0
1714,1222,1583,1
1715,1457,747,1
1716,1119,929,1
1717,1303,1873,0
1718,1619,1367,0
1719,1103,1491,0
1720,2278,1714,0
1721,542,152,1
1722,1907,1322,0
1723,845,1399,0
1724,2087,632,0
1725,2111,556,0
1726,1063,1555,1
1727,1216,225,0
1728,1707,857,1
1729,1895,1288,0
1730,1466,1308,0
1731,1494,961,1
1732,1307,274,0
1733,82,112,0
1734,1007,874,1
1735,804,901,0
1736,562,618,0
1737,2238,1844,0
1738,634,663,0
1739,1332,1571,0
1740,1742,1115,0
1741,89,1912,0
1742,1581,1006,1
1743,26,1669,0
1744,2112,944,0
1745,2020,1743,1
1746,2181,1848,1
1747,1543,1787,0
1748,2179,976,0
1749,2032,768,0
1750,1765,1507,1
1751,2212,490,0
1752,1903,1068,0
1753,261,122,0
1754,1313,1712,1
1755,1147,991,1
1756,1419,1168,1
1757,1911,650,0
1758,526,991,0
1759,1637,468,0
1760,824,728,1
1761,449,385,1
1762,1778,879,1
1763,137,841,0
1764,15,248,0
1765,1575,753,1
1766,715,1595,0
1767,1598,1869,1
1768,576,530,0
1769,1466,535,0
1770,980,1286,1
1771,952,1549,1
1772,290,9,0
1773,2248,1135,0
1774,1811,1351,0
1775,1549,1826,1
1776,993,1768,1
1777,1243,757,0
1778,1451,229,0
1779,410,1707,0
1780,1255,989,1
1781,1836,1011,0
1782,736,533,0
1783,534,465,1
1784,1291,1477,1
1785,1504,759,1
1786,926,1810,0
1787,1110,835,1
1788,1562,743,1
1789,1106,949,0
1790,1463,1518,0
1791,218,210,1
1792,1325,355,0
1793,1592,1085,0
1794,1686,1746,1
1795,1594,993,1
1796,570,1179,0
1797,1172,1001,1
1798,1840,399,0
1799,173,681,0
1800,1075,1746,0
1801,1452,1283,0
1802,1263,1042,0
1803,1281,720,1
1804,2313,1364,0
1805,1554,82,0
1806,582,772,0
1807,466,785,0
1808,390,388,0
1809,187,164,0
1810,226,775,0
1811,793,1398,1
1812,622,763,0
1813,1646,1056,0
1814,975,1939,0
1815,960,1480,0
1816,191,252,0
1817,1400,1857,1
1818,1941,1643,0
1819,2216,1396,0
1820,1521,72,0
1821,278,1911,0
1822,682,1756,1
1823,612,524,1
1824,2363,126,0
1825,1932,42,0
1826,818,241,0
1827,2254,1950,0
1828,332,109,0
1829,1254,1390,1
1830,941,1627,1
1831,2387,1315,0
1832,1655,801,1
1833,1507,281,0
1834,1274,101,0
1835,2005,1199,0
1836,2295,1549,0
1837,1201,781,1
1838,918,771,1
1839,1753,1078,0
1840,68,649,0
1841,2204,53,0
1842,214,91,1
1843,2227,1831,1
1844,1542,760,1
1845,1674,961,1
1846,279,1013,0
1847,138,805,1
1848,835,1253,1
1849,1560,1305,1
1850,1599,1910,0
1851,2279,223,0
1852,441,1324,0
1853,0,1772,0
1854,1332,1070,0
1855,1958,1917,1
1856,1669,1093,1
1857,2382,346,0
1858,394,11,1
1859,1721,1880,0
1860,1326,860,0
1861,690,1275,0
1862,136,1479,0
1863,71,823,0
1864,1257,1350,1
1865,1209,159,0
1866,539,339,0
1867,675,1299,0
1868,2049,1494,0
1869,1231,1655,1
1870,456,534,1
1871,1480,130,0
1872,1199,63,0
1873,955,858,1
1874,1187,796,1
1875,1869,1813,0
1876,1101,688,1
1877,343,1715,0
1878,1138,984,1
1879,1332,817,1
1880,1494,1342,1
1881,1210,1311,1
1882,194,1473,0
1883,1323,703,0
1884,765,999,0
1885,905,831,1
1886,136,804,1
1887,2202,1786,0
1888,733,885,0
1889,1297,156,0
1890,1215,902,0
1891,917,793,0
1892,2312,291,0
1893,804,535,0
1894,711,480,1
1895,852,1836,0
1896,155,124,1
1897,1445,1634,0
1898,1136,145,0
1899,1455,1809,1
1900,167,1543,0
1901,2211,1914,0
1902,1682,1070,1
1903,35,168,0
1904,1394,1536,1
1905,2330,419,0
1906,2157,1781,1
1907,1862,599,0
1908,1062,816,0
1909,548,1720,0
1910,374,944,0
1911,1366,1315,1
1912,618,541,1
1913,2090,1531,0
1914,364,1116,0
1915,1018,1779,0
1916,1984,40,0
1917,155,285,1
1918,1775,975,1
1919,1635,1692,0
1920,1712,1066,1
1921,1965,1939,1
1922,217,116,1
1923,1988,1383,0
1924,966,1771,1
1925,1718,1065,1
1926,1671,101,0
1927,896,735,0
1928,1359,1819,1
1929,1108,1117,0
1930,520,474,1
1931,1050,1302,1
1932,1080,697,1
1933,700,1748,1
1934,958,1399,1
1935,2076,1711,1
1936,919,1306,1
1937,2064,1600,1
1938,1059,732,1
1939,240,92,1
1940,1308,1929,1
1941,2144,606,0
1942,402,44,0
1943,1104,1760,1
1944,356,1281,0
1945,1734,906,0
1946,168,683,1
1947,1751,1582,1
1948,665,152,0
1949,1783,1544,1
1950,22,1072,0
1951,2263,568,0
1952,1630,1530,1
1953,962,522,0
1954,1946,136,0
1955,655,1510,0
1956,819,1371,1
1957,1925,1638,0
1958,2303,1311,0
1959,77,233,0
1960,1762,1110,1
1961,2015,1790,1
1962,1654,1609,0
1963,1779,1483,1
1964,1055,1421,0
1965,904,855,1
1966,1470,1406,0
1967,510,513,1
1968,604,396,0
1969,1805,1424,1
1970,1187,1850,0
1971,118,282,1
1972,1394,987,1
1973,1491,760,1
1974,667,832,0
1975,1768,1643,1
1976,373,479,0
1977,992,770,0
1978,1787,1420,1
1979,1034,1566,1
1980,1309,774,1
1981,1648,1059,0
1982,2103,1672,0
1983,1418,1910,0
1984,1044,754,1
1985,1191,966,0
1986,887,1864,0
1987,2083,395,0
1988,136,512,0
1989,1840,1102,0
1990,413,653,1
1991,1784,333,0
1992,1785,798,0
1993,594,1496,0
1994,893,1004,0
1995,965,1765,1
1996,921,70,0
1997,1762,1284,1
1998,492,1552,0
1999,1303,1314,1
2000,875,1762,1
2001,1640,983,1
2002,2125,1734,1
2003,1324,1324,1
2004,1818,1696,0
2005,1254,792,1
2006,1458,1093,1
2007,918,1349,1
2008,203,1220,0
2009,1197,1294,1
2010,577,1125,0
2011,1170,1430,0
2012,853,1088,0
2013,1021,1649,0
2014,1499,1334,1
2015,1178,995,1
2016,1837,584,0
2017,373,539,0
2018,1186,738,1
2019,805,710,0
2020,1772,1078,1
2021,77,1581,0
2022,1527,837,1
2023,1083,870,1
2024,1244,668,1
2025,1974,1850,1
2026,1853,1138,1
2027,2011,835,0
2028,1565,1639,1
2029,1153,993,1
2030,1305,794,0
2031,296,1504,0
2032,173,130,1
2033,507,1932,0
2034,116,1137,0
2035,954,1424,1
2036,838,1344,0
2037,1175,1821,1
2038,1397,1779,1
2039,1131,641,1
2040,2320,841,0
2041,1279,784,1
2042,1635,1465,1
2043,1314,903,0
2044,147,281,1
2045,1616,777,1
2046,1779,978,1
2047,872,628,1
2048,1344,80,0
2049,1999,1542,1
2050,249,918,0
2051,1636,897,1
2052,1806,908,0
2053,1176,994,1
2054,1386,1750,0
2055,1566,870,0
2056,2289,163,0
2057,2312,448,0
2058,2321,1628,0
2059,1099,1948,0
2060,886,796,1
2061,679,1319,0
2062,2320,1925,0
2063,311,1332,0
2064,1111,25,0
2065,317,1506,0
2066,1863,903,0
2067,348,727,1
2068,1632,1190,1
2069,752,343,0
2070,1736,893,1
2071,1331,911,0
2072,1744,1511,0
2073,798,1290,1
2074,1395,1656,1
2075,1471,830,1
2076,652,572,1
2077,93,1590,0
2078,1536,1911,1
2079,927,1491,0
2080,2306,1254,0
2081,1629,1510,0
2082,2197,220,0
2083,2163,608,0
2084,61,718,0
2085,1306,416,0
2086,1579,1900,0
2087,1267,97,0
2088,49,637,1
2089,1342,751,1
2090,1873,1911,0
2091,679,1758,1
2092,1787,643,0
2093,1534,488,0
2094,2304,1655,0
2095,454,384,1
2096,305,1620,0
2097,1985,1697,0
2098,1494,1908,1
2099,1797,258,0
2100,1208,1846,0
2101,1620,1000,1
2102,2031,85,0
2103,1600,1491,0
2104,1211,1027,0
2105,397,404,0
2106,1938,1079,1
2107,142,1686,0
2108,1282,700,0
2109,1153,1280,0
2110,1648,901,1
2111,488,982,0
2112,1103,1159,0
2113,2006,1754,1
2114,670,596,1
2115,1526,1028,1
2116,879,71,0
2117,669,1678,0
2118,1696,1054,1
2119,1609,1327,1
2120,1766,1647,1
2121,681,1823,0
2122,896,646,0
2123,882,1148,0
2124,642,386,0
2125,848,1254,0
2126,1837,1187,1
2127,1322,520,0
2128,735,368,0
2129,627,419,0
2130,1015,622,1
2131,1028,1261,1
2132,964,857,1
2133,1451,1426,0
2134,1289,1006,1
2135,427,611,1
2136,1806,840,0
2137,1763,1371,0
2138,2263,752,0
2139,1353,1072,1
2140,446,1747,0
2141,123,1166,0
2142,1813,460,0
2143,118,1932,0
2144,1363,1548,0
2145,2378,1186,0
2146,2381,1218,0
2147,1591,757,1
2148,718,615,0
2149,1266,628,0
2150,453,1907,0
2151,1504,1497,1
2152,1253,1437,1
2153,951,1424,1
2154,1505,1509,1
2155,905,848,1
2156,1933,1351,0
2157,1410,1752,1
2158,1007,1318,1
2159,1639,289,0
2160,2372,1185,0
2161,89,966,0
2162,240,190,0
2163,2202,1725,1
2164,1117,1807,1
2165,1426,1050,1
2166,1016,1306,0
2167,1965,1809,1
2168,1672,1790,1
2169,1534,1860,1
2170,407,1152,0
2171,2270,1651,1
2172,50,1886,0
2173,823,1634,0
2174,1394,1385,1
2175,251,1901,0
2176,1235,1200,0
2177,677,1796,1
2178,420,655,1
2179,504,655,1
2180,515,1145,0
2181,1551,1065,0
2182,2365,1623,0
2183,585,1866,0
2184,945,820,1
2185,2032,1260,0
2186,2180,1093,0
2187,601,670,1
2188,727,1018,0
2189,2344,1892,0
2190,2126,1543,0
2191,1430,1804,1
2192,394,639,1
2193,363,880,0
2194,1615,290,0
2195,1498,1523,1
2196,665,596,1
2197,210,951,0
2198,1406,1110,1
2199,1382,1944,1
2200,667,1946,0
2201,1911,1726,1
2202,1928,1269,1
2203,2249,1846,0
2204,1577,1126,1
2205,986,1395,1
2206,910,847,1
2207,1121,1250,0
2208,1032,1455,0
2209,1051,131,0
2210,1487,1683,0
2211,1262,1526,1
2212,583,1701,0
2213,108,971,0
2214,1049,1273,1
2215,1293,735,1
2216,1004,1853,1
2217,930,373,0
2218,1105,1186,0
2219,916,1266,1
2220,1828,1750,1
2221,782,1348,1
2222,1032,1777,1
2223,1054,786,1
2224,1021,424,0
2225,1602,1413,1
2226,440,591,1
2227,2150,1144,0
2228,1059,259,0
2229,597,668,1
2230,1050,808,1
2231,1667,671,0
2232,696,1470,0
2233,333,737,1
2234,1894,1528,0
2235,2011,345,0
2236,955,1400,1
2237,2365,521,0
2238,2020,1534,1
2239,2130,1680,1
2240,180,279,0
2241,1934,1914,1
2242,2322,926,0
2243,275,1465,0
2244,717,1277,1
2245,2411,613,0
2246,468,96,1
2247,480,110,1
2248,491,108,1
2249,137,1553,0
2250,1013,1288,1
2251,1006,555,0
2252,392,539,1
2253,1878,1879,1
2254,777,477,1
2255,1132,848,0
2256,1106,1754,1
2257,900,1261,1
2258,2037,1533,1
2259,1671,401,0
2260,1898,1803,1
2261,734,1744,1
2262,1925,363,0
2263,557,1264,0
2264,743,1743,1
2265,1559,1717,1
2266,341,1624,0
2267,1363,1032,0
2268,530,1740,0
2269,1641,759,0
2270,925,572,1
2271,608,536,1
2272,2129,1694,1
2273,1012,246,0
2274,1282,540,0
2275,1421,1553,1
2276,452,599,1
2277,825,1319,1
2278,2164,1510,0
2279,1503,1521,1
2280,481,91,1
2281,839,842,0
2282,1905,1248,1
2283,1721,1119,1
2284,1240,1293,1
2285,2132,156,0
2286,1101,1297,0
2287,1638,864,0
2288,598,956,0
2289,15,256,1
2290,171,1026,0
2291,1169,1888,0
2292,2166,1671,1
2293,2166,1685,0
2294,723,1748,1
2295,397,328,0
2296,1024,1634,0
2297,2035,1787,0
2298,1011,127,0
2299,1723,1366,1
2300,1615,871,1
2301,1360,997,1
2302,383,944,0
2303,2337,773,0
2304,2014,1776,0
2305,1785,1308,1
2306,1013,645,1
2307,1306,144,0
2308,833,743,0
2309,1620,918,1
2310,1204,1665,1
2311,1773,701,0
2312,1439,1550,1
2313,1656,935,0
2314,169,510,0
2315,1510,1809,1
2316,1293,1115,0
2317,562,151,1
2318,357,735,1
2319,759,646,1
2320,1098,1277,1
2321,1945,1619,0
2322,741,562,1
2323,712,1747,1
2324,390,1075,0
2325,1280,727,1
2326,2138,1837,1
2327,949,834,1
2328,455,806,1
2329,1430,998,1
2330,2382,1303,0
2331,1811,1702,1
2332,1061,237,0
2333,182,710,0
2334,1529,933,1
2335,706,107,0
2336,1816,1659,0
2337,1848,36,0
2338,48,477,0
2339,354,727,1
2340,1013,1145,0
2341,797,1659,0
2342,1215,1653,1
2343,848,803,0
2344,1271,1102,0
2345,588,696,1
2346,657,511,1
2347,865,567,1
2348,376,917,0
2349,1208,846,0
2350,1226,930,0
2351,13,133,0
2352,1695,921,0
2353,1408,1552,1
2354,1435,505,0
2355,708,560,1
2356,183,1843,0
2357,2359,748,0
2358,1035,1607,0
2359,1438,1216,0
2360,1179,1618,1
2361,2302,896,0
2362,1518,1443,1
2363,1805,481,0
2364,1842,1863,0
2365,2151,589,0
2366,2202,561,0
2367,96,572,1
2368,205,1148,0
2369,1666,1768,0
2370,246,1901,0
2371,961,1314,0
2372,1269,1004,1
2373,426,589,1
2374,51,253,0
2375,1913,1260,1
2376,512,751,0
2377,644,1099,0
2378,951,1419,1
2379,799,1779,0
2380,1614,1576,1
2381,821,1240,1
2382,792,468,1
2383,1438,1126,0
2384,1998,1711,1
2385,1552,1078,0
2386,908,1695,1
2387,1847,1659,1
2388,1336,887,1
2389,1137,716,1
2390,1118,1270,0
2391,277,555,0
2392,328,250,0
2393,877,949,0
2394,762,828,0
2395,1821,1666,1
2396,407,1264,0
2397,2276,1455,0
2398,1825,1853,1
2399,1858,94,0
2400,1530,1516,1
2401,555,1501,0
2402,1617,783,1
2403,1058,1306,1
2404,750,449,1
2405,1339,762,1
2406,799,1391,1
2407,453,385,1
2408,1134,983,1
2409,1414,744,0
2410,2091,1840,1
2411,1633,621,0
2412,590,525,0
2413,1361,1609,0
2414,1749,192,0
2415,66,1816,0
2416,2254,1556,0
2417,476,517,1
2418,1511,1784,1
2419,1550,1698,0
2420,196,316,1
2421,1300,1708,1
2422,1191,1416,1
2423,484,92,1
2424,230,1271,0
2425,515,1242,0
2426,2105,817,0
2427,683,1756,1
2428,1984,1611,0
2429,2138,934,0
2430,1034,76,0
2431,1092,1342,0
2432,53,1737,0
2433,1490,1323,1
2434,528,1594,0
2435,1200,1467,0
2436,1098,100,0
2437,934,1425,1
2438,815,1241,1
2439,454,614,1
2440,175,389,1
2441,1792,1700,1
2442,602,20,0
2443,1905,1931,1
2444,949,796,1
2445,2167,1279,0
2446,1470,744,1
2447,775,354,0
2448,798,661,0
2449,1638,1443,1
2450,740,1928,0
2451,210,103,1
2452,2192,1596,1
2453,1065,1500,0
2454,1831,1617,0
2455,1884,915,0
2456,2061,1565,1
2457,2088,1676,1
2458,1608,895,1
2459,762,1742,0
2460,2231,1467,0
2461,551,1044,0
2462,1274,1156,0
2463,1828,1021,0
2464,1645,1708,1
2465,2027,1238,0
2466,2095,256,0
2467,451,552,1
2468,813,1703,1
2469,2117,622,0
2470,409,836,0
2471,920,852,1
2472,304,327,0
2473,2189,1683,1
2474,1906,1595,0
2475,220,210,1
2476,1160,1490,1
2477,854,1364,0
2478,811,1781,0
2479,1451,1833,1
2480,2117,1647,0
2481,985,643,1
2482,1366,1939,1
2483,1941,1096,0
2484,2190,1031,0
2485,1197,1657,0
2486,1750,723,0
2487,2008,1565,1
2488,2074,1101,0
2489,1892,1313,0
2490,1203,349,0
2491,2168,1959,0
2492,169,782,1
2493,827,1533,0
2494,1078,1392,1
2495,906,1263,1
2496,1975,27,0
2497,2036,1533,1
2498,2406,1377,0
2499,247,860,0
2500,100,594,1
2501,2015,1753,0
2502,126,520,1
2503,8,329,1
2504,1024,607,1
2505,388,695,0
2506,1640,1474,0
2507,1553,508,0
2508,1934,1082,1
2509,1223,221,0
2510,857,516,1
2511,29,1800,0
2512,1806,1759,1
2513,893,669,1
2514,973,1581,0
2515,1744,1499,1
2516,888,190,0
2517,1908,130,0
2518,1319,1523,1
2519,1019,1642,1
2520,297,1006,0
2521,692,567,1
2522,1170,981,1
2523,1328,1953,0
2524,1447,1541,1
2525,2004,406,0
2526,1373,1913,0
2527,1417,866,1
2528,1004,1604,1
2529,1260,1669,1
2530,899,1372,1
2531,2022,697,0
2532,1039,659,0
2533,807,356,0
2534,1305,814,0
2535,1582,901,1
2536,2132,131,0
2537,363,562,0
2538,364,1198,0
2539,2135,1732,0
2540,2215,1114,0
2541,1541,310,0
2542,582,516,0
2543,2137,1852,1
2544,662,1425,0
2545,1926,779,0
2546,2154,1560,0
2547,643,57,0
2548,1631,836,1
2549,1903,1192,0
2550,1522,1425,0
2551,1758,1556,0
2552,937,1426,1
2553,1204,713,1
2554,220,115,1
2555,1388,1844,0
2556,1557,795,1
2557,1087,1414,1
2558,792,693,1
2559,1956,875,0
2560,1082,1715,0
2561,1363,1822,1
2562,1676,1615,0
2563,263,131,0
2564,167,683,1
2565,2401,1099,0
2566,1376,308,0
2567,129,485,1
2568,554,151,1
2569,1798,1262,0
2570,1674,1577,1
2571,1222,842,1
2572,473,112,1
2573,1027,1360,0
2574,2005,1754,1
2575,2171,1710,1
2576,1883,1283,1
2577,455,572,1
2578,1179,210,0
2579,820,479,1
2580,1919,1766,1
2581,2316,915,0
2582,1428,1560,1
2583,809,334,0
2584,1725,1301,1
2585,2378,1890,0
2586,1681,965,1
2587,1464,1442,1
2588,1207,1624,0
2589,705,1746,1
2590,662,489,0
2591,1085,606,0
2592,577,907,0
2593,1808,1566,0
2594,1450,742,1
2595,2173,1808,1
2596,136,371,0
2597,760,1791,1
2598,428,165,0
2599,401,300,0
2600,647,594,0
2601,228,470,1
2602,1035,1575,1
2603,792,317,0
2604,859,383,0
2605,470,1084,0
2606,556,119,0
2607,1828,9,0
2608,370,1016,0
2609,725,736,0
2610,2266,1645,0
2611,2072,172,0
2612,2129,1055,0
2613,937,710,1
2614,1894,1949,0
2615,1730,1885,1
2616,656,511,1
2617,2349,1249,0
2618,643,647,1
2619,2223,1761,1
2620,1894,1243,1
2621,1647,1606,1
2622,1814,1859,0
2623,1893,1929,1
2624,1177,1295,1
2625,1181,1084,0
2626,1301,1507,1
2627,1039,1268,1
2628,468,1262,0
2629,1646,789,1
2630,922,1426,1
2631,468,1717,0
2632,1855,1139,1
2633,1603,877,1
2634,164,1117,0
2635,459,100,1
2636,2239,1787,1
2637,1981,1551,1
2638,2015,1620,0
2639,1406,1302,1
2640,1586,1642,0
2641,1779,1508,1
2642,2017,986,0
2643,1271,855,1
2644,1140,1844,1
2645,1764,717,1
2646,1102,802,0
2647,1393,1081,0
2648,923,572,0
2649,92,181,1
2650,60,1952,0
2651,1479,382,0
2652,1549,1253,0
2653,1915,1262,1
2654,823,1696,1
2655,883,1236,0
2656,557,1800,0
2657,255,97,1
2658,2125,3,0
2659,666,540,1
2660,1725,1477,1
2661,102,594,1
2662,221,1419,0
2663,1519,1663,1
2664,1669,1572,1
2665,149,1099,0
2666,247,65,1
2667,511,965,0
2668,2101,1639,0
2669,1614,1029,0
2670,609,1037,0
2671,2003,1773,0
2672,1385,1515,1
2673,832,1241,1
2674,1933,1082,1
2675,2149,669,0
2676,1704,221,0
2677,381,1925,0
2678,1388,1781,1
2679,545,1228,0
2680,821,626,1
2681,474,663,1
2682,448,635,1
2683,2219,1866,1
2684,1301,1912,0
2685,2093,1666,1
2686,1409,579,0
2687,1357,954,0
2688,176,65,1
2689,1572,1346,0
2690,900,1690,1
2691,596,588,0
2692,1662,1881,0
2693,1363,142,0
2694,915,877,0
2695,1186,715,0
2696,2284,267,0
2697,1726,868,1
2698,283,1230,0
2699,2048,95,0
2700,1685,1891,0
2701,1592,1630,1
2702,907,170,0
2703,1,19,0
2704,1001,1774,1
2705,1461,1901,0
2706,465,581,1
2707,1757,428,0
2708,942,1737,1
2709,946,93,0
2710,349,727,1
2711,1147,453,0
2712,1609,465,0
2713,711,1274,1
2714,1542,1386,0
2715,742,553,1
2716,1085,1466,0
2717,1513,1354,1
2718,976,1763,1
2719,2233,1779,1
2720,1398,1546,0
2721,383,540,1
2722,1599,569,0
2723,458,197,0
2724,2153,1007,0
2725,1984,1546,1
2726,1540,729,1
2727,392,83,0
2728,2131,385,0
2729,359,728,1
2730,622,617,1
2731,622,1426,0
2732,209,38,1
2733,651,696,0
2734,2026,781,1
2735,1279,782,1
2736,1337,509,0
2737,429,1592,0
2738,794,716,0
2739,1646,1120,1
2740,478,527,1
2741,2234,81,0
2742,1039,638,1
2743,751,359,0
2744,1819,1108,0
2745,723,1312,0
2746,467,1111,0
2747,1301,80,0
2748,459,805,1
2749,1679,249,0
2750,22,1490,0
2751,1412,245,0
2752,877,1764,1
2753,1787,1319,1
2754,21,454,1
2755,720,1284,1
2756,1811,1418,0
2757,544,152,1
2758,732,1913,0
2759,1427,1002,0
2760,1260,897,0
2761,1321,937,1
2762,1046,392,0
2763,1559,981,1
2764,381,14,1
2765,944,1830,0
2766,488,107,1
2767,435,957,0
2768,578,618,1
2769,929,1565,1
2770,1115,1600,1
2771,1836,500,0
2772,4,333,1
2773,1463,1631,1
2774,519,596,1
2775,920,754,0
2776,909,1336,0
2777,2089,930,0
2778,973,985,0
2779,1876,1676,1
2780,453,552,1
2781,1319,856,0
2782,308,2,0
2783,1211,1079,0
2784,1084,202,0
2785,976,1400,1
2786,1741,1293,1
2787,607,400,0
2788,904,763,1
2789,1573,1189,0
2790,918,1018,0
2791,736,912,0
2792,632,1671,0
2793,880,252,0
2794,2116,1804,1
2795,21,398,1
2796,920,1409,1
2797,1092,1756,0
2798,915,1556,1
2799,1624,561,0
2800,625,908,0
2801,1478,489,0
2802,2089,1706,1
2803,884,456,0
2804,429,1231,0
2805,254,590,0
2806,906,1579,1
2807,1134,1584,0
2808,787,44,0
2809,1319,1515,1
2810,1096,1649,1
2811,698,1926,0
2812,1649,1026,1
2813,1699,1091,0
2814,1323,1817,0
2815,1785,1843,1
2816,160,685,1
2817,977,598,0
2818,1843,1186,1
2819,1167,742,0
2820,89,186,1
2821,1128,956,0
2822,197,67,1
2823,1820,1957,0
2824,456,1464,0
2825,972,1797,0
2826,983,502,0
2827,1728,1922,1
2828,882,1785,0
2829,801,526,1
2830,1176,990,1
2831,1352,326,0
2832,952,691,0
2833,784,1773,1
2834,873,798,1
2835,159,1916,0
2836,1501,759,1
2837,768,1202,0
2838,235,1771,0
2839,1513,1589,0
2840,1056,861,0
2841,396,12,1
2842,300,437,0
2843,750,125,0
2844,657,843,0
2845,1441,1771,1
2846,60,546,0
2847,2263,1653,1
2848,1553,536,0
2849,493,1330,0
2850,689,730,1
2851,1718,958,1
2852,122,528,0
2853,1613,1235,0
2854,20,1177,0
2855,1357,993,1
2856,2253,804,0
2857,1978,1685,1
2858,2011,510,0
2859,160,1671,0
2860,1768,1669,0
2861,1485,658,0
2862,477,666,1
2863,2378,1468,0
2864,1718,1666,1
2865,476,663,1
2866,75,194,0
2867,562,420,0
2868,2202,283,0
2869,1957,968,1
2870,1401,1957,1
2871,1567,577,0
2872,2315,466,0
2873,787,1494,0
2874,2305,1086,0
2875,631,63,0
2876,1390,1615,1
2877,1666,31,0
2878,813,231,0
2879,753,521,1
2880,622,757,0
2881,941,599,1
2882,927,1407,1
2883,2335,120,0
2884,1902,170,0
2885,153,685,1
2886,675,1760,1
2887,1045,631,1
2888,1226,1192,0
2889,774,1121,0
2890,2063,1536,1
2891,792,1796,1
2892,911,844,1
2893,1007,293,0
2894,2107,1585,1
2895,2205,897,0
2896,66,952,0
2897,1627,781,1
2898,409,599,1
2899,97,259,1
2900,1720,1434,1
2901,438,1331,0
2902,1824,1590,1
2903,1115,1300,1
2904,1711,1483,1
2905,710,1846,0
2906,174,898,0
2907,1425,974,1
2908,1564,581,0
2909,918,806,1
2910,913,1581,1
2911,765,1409,0
2912,1249,1460,1
2913,664,680,1
2914,1391,1944,1
2915,1643,1717,0
2916,1066,633,0
2917,2223,1678,0
2918,1045,1854,1
2919,2172,864,0
2920,2064,1614,1
2921,659,628,1
2922,1152,993,1
2923,1680,1163,1
2924,1,538,0
2925,686,1756,1
2926,991,1416,0
2927,703,1745,1
2928,2103,1480,0
2929,1677,1527,1
2930,857,420,0
2931,412,1100,0
2932,2203,1757,0
2933,2018,1790,1
2934,2302,669,0
2935,1211,1699,1
2936,1855,1435,1
2937,1893,1663,0
2938,2027,1533,1
2939,2194,1764,1
2940,1329,250,0
2941,1530,596,0
2942,1719,1539,1
2943,871,677,1
2944,1537,756,1
2945,1679,543,0
2946,854,74,0
2947,1726,743,0
2948,2046,1531,1
2949,1511,1731,0
2950,232,211,1
2951,333,631,1
2952,1627,1874,1
2953,1495,154,0
2954,574,988,0
2955,225,479,1
2956,1022,1786,1
2957,1609,1103,0
2958,551,1466,0
2959,122,805,0
2960,160,1661,0
2961,2111,1172,0
2962,704,772,1
2963,164,382,0
2964,1111,1843,1
2965,553,965,0
2966,2140,1743,1
2967,37,1281,0
2968,1847,1394,0
2969,2190,115,0
2970,2090,338,0
2971,1405,1298,1
2972,1946,521,0
2973,1302,1443,0
2974,659,304,0
2975,2126,694,0
2976,1321,1486,1
2977,1660,1375,1
2978,919,826,0
2979,786,496,0
2980,1101,457,0
2981,547,1592,0
2982,1720,1931,1
2983,973,62,0
2984,319,594,0
2985,471,832,1
2986,1916,9,0
2987,850,520,1
2988,1381,748,1
2989,1892,1168,0
2990,2123,1957,0
2991,2323,1671,0
2992,1625,819,1
2993,2187,1587,1
2994,64,1675,0
2995,1289,1698,0
2996,555,151,1
2997,843,509,1
2998,953,1148,0
2999,1637,1577,1
3000,2405,1229,0
3001,177,733,0
3002,1336,1090,1
3003,760,1715,1
3004,1585,1132,1
3005,448,1715,0
3006,301,569,1
3007,1963,1833,1
3008,2412,1341,0
3009,983,853,1
3010,971,1764,1
3011,2199,1818,1
3012,986,745,1
3013,2287,568,0
3014,1677,1220,1
3015,1289,1165,0
3016,1848,1658,0
3017,1511,1027,0
3018,719,1767,0
3019,520,1410,0
3020,1304,736,1
3021,2201,76,0
3022,1148,665,1
3023,1442,1870,1
3024,1926,527,0
3025,211,1486,0
3026,726,861,0
3027,1867,1553,0
3028,1032,1385,1
3029,298,487,0
3030,1150,543,0
3031,950,796,1
3032,835,639,1
3033,236,638,0
3034,991,1278,1
3035,2093,1872,1
3036,1290,1814,0
3037,1234,699,0
3038,119,1104,0
3039,1952,918,0
3040,1100,1069,0
3041,175,839,1
3042,1425,1510,0
3043,944,1336,0
3044,999,1876,0
3045,902,1407,0
3046,406,713,0
3047,1560,1260,1
3048,1633,1451,0
3049,1323,1558,1
3050,1207,1289,0
3051,73,91,0
3052,1673,1541,0
3053,2127,4,0
3054,1976,1919,1
3055,260,173,0
3056,1563,1317,1
3057,1390,1227,0
3058,1245,757,1
3059,968,247,0
3060,395,11,1
3061,1724,1383,0
3062,2025,549,0
3063,1514,1372,1
3064,1884,1843,1
3065,970,859,1
3066,1140,985,1
3067,1673,1357,1
3068,786,190,0
3069,1325,1330,1
3070,884,1525,0
3071,467,485,0
3072,2153,1365,0
3073,1794,1388,0
3074,1332,1314,1
3075,1376,179,0
3076,1333,1464,0
3077,348,1172,0
3078,88,331,0
3079,1373,451,0
3080,1151,900,0
3081,1385,1763,1
3082,72,1756,0
3083,1544,334,0
3084,830,1019,0
3085,2205,1730,0
3086,1173,989,1
3087,1740,1605,1
3088,2403,1496,0
3089,1129,829,1
3090,94,955,0
3091,1725,1397,1
3092,679,481,1
3093,201,1924,0
3094,1392,1034,0
3095,2026,1081,0
3096,2194,460,0
3097,1375,1315,1
3098,1926,1822,0
3099,1509,420,0
3100,958,1077,0
3101,724,1337,0
3102,876,663,1
3103,1451,1051,1
3104,1404,1792,1
3105,1670,903,1
3106,374,18,1
3107,1362,195,0
3108,1296,1311,1
3109,830,561,1
3110,1102,1836,1
3111,1046,874,1
3112,2373,398,0
3113,1714,1053,1
3114,544,1447,0
3115,2195,1682,1
3116,1664,155,0
3117,1496,1377,1
3118,1911,1255,1
3119,1998,568,0
3120,1503,1430,1
3121,1382,1612,1
3122,732,842,0
3123,474,444,0
3124,2230,1889,0
3125,462,99,1
3126,490,94,0
3127,474,93,1
3128,68,156,0
3129,2185,1531,0
3130,1852,1640,0
3131,171,411,1
3132,938,1298,1
3133,432,1882,0
3134,1106,1707,1
3135,1156,376,0
3136,2195,830,0
3137,1422,1617,1
3138,1470,1438,1
3139,1458,1865,0
3140,982,1887,0
3141,1528,32,0
3142,244,1580,0
3143,913,1633,0
3144,1839,1184,1
3145,714,1747,1
3146,2378,248,0
3147,1736,1039,1
3148,1117,897,1
3149,2348,126,0
3150,742,942,0
3151,96,1002,0
3152,1998,1557,1
3153,1911,785,0
3154,549,592,1
3155,2060,1723,1
3156,12,1169,0
3157,1645,53,0
3158,863,598,1
3159,488,477,0
3160,2169,824,0
3161,207,451,1
3162,913,1347,1
3163,1567,1777,1
3164,1499,704,0
3165,1393,787,1
3166,21,493,0
3167,563,151,1
3168,2194,1719,1
3169,941,1737,1
3170,1271,503,0
3171,2101,603,0
3172,1039,1785,1
3173,1702,130,0
3174,2266,540,0
3175,1208,815,1
3176,454,1914,0
3177,2325,1914,0
3178,1899,225,0
3179,852,1926,0
3180,2405,1823,0
3181,521,1463,0
3182,860,449,0
3183,2060,383,0
3184,1429,1219,1
3185,464,1823,0
3186,2177,1632,1
3187,1149,1776,1
3188,1694,1139,0
3189,224,875,0
3190,1283,939,0
3191,784,741,0
3192,1449,1340,1
3193,2100,615,0
3194,330,738,1
3195,1432,1329,1
3196,2073,1059,0
3197,1153,1866,0
3198,971,265,0
3199,1175,149,0
3200,1344,740,0
3201,2013,1836,0
3202,15,1899,0
3203,1510,1663,1
3204,2004,1603,0
3205,863,1763,1
3206,2110,1334,0
3207,1371,1483,0
3208,1166,839,0
3209,1124,947,1
3210,1731,1922,1
3211,1396,1918,1
3212,1526,335,0
3213,1818,751,0
3214,698,1751,1
3215,1248,669,1
3216,2048,1097,0
3217,771,1620,0
3218,765,637,0
3219,2134,1625,1
3220,1433,1692,0
3221,705,245,0
3222,1179,990,1
3223,1468,1413,1
3224,1167,1296,0
3225,1593,1351,1
3226,2251,725,0
3227,183,378,0
3228,353,727,1
3229,1143,1832,1
3230,1365,1727,0
3231,1597,757,1
3232,1022,621,1
3233,1065,132,0
3234,900,855,1
3235,1236,1784,0
3236,153,126,1
3237,921,357,0
3238,2058,1795,1
3239,167,378,1
3240,817,1687,0
3241,1109,1426,1
3242,2056,1926,0
3243,899,779,0
3244,1944,1810,1
3245,703,1279,1
3246,1375,1700,0
3247,718,1168,0
3248,1749,1352,1
3249,2189,1718,1
3250,943,857,1
3251,399,187,0
3252,788,497,1
3253,975,768,0
3254,1723,1310,1
3255,1238,1788,0
3256,689,533,1
3257,556,1298,0
3258,1373,271,0
3259,1354,993,1
3260,1957,1732,0
3261,1846,1009,1
3262,1636,1554,0
3263,823,1695,0
3264,204,1439,0
3265,1418,1284,1
3266,726,94,0
3267,859,787,1
3268,1407,451,0
3269,1094,1305,1
3270,1297,1458,1
3271,1320,802,1
3272,1067,1248,0
3273,861,553,1
3274,1933,1272,1
3275,1505,350,0
3276,1150,682,1
3277,1495,1188,0
3278,367,1200,0
3279,1220,741,0
3280,1114,1810,1
3281,1249,925,1
3282,524,887,0
3283,886,1335,1
3284,1293,1820,0
3285,1403,1409,1
3286,543,152,1
3287,2193,345,0
3288,2108,921,0
3289,2141,885,0
3290,1279,1725,1
3291,1804,907,0
3292,1547,1745,1
3293,881,665,1
3294,914,1557,0
3295,1162,1587,0
3296,1781,1907,1
3297,381,1648,0
3298,468,551,1
3299,1483,885,0
3300,1475,1862,0
3301,1183,132,0
3302,1599,1049,1
3303,1636,1103,0
3304,1309,1512,1
3305,1355,1072,1
3306,1228,1930,0
3307,133,730,0
3308,358,597,0
3309,998,1850,1
3310,1880,1936,1
3311,1370,1646,1
3312,937,640,1
3313,2041,1532,1
3314,1339,1542,0
3315,541,934,0
3316,1030,807,0
3317,127,802,1
3318,232,694,0
3319,941,854,1
3320,1268,1481,0
3321,556,1058,0
3322,1229,1019,0
3323,1536,984,1
3324,684,1756,1
3325,1554,750,0
3326,1870,534,0
3327,854,712,0
3328,190,205,1
3329,1962,1194,0
3330,60,265,1
3331,1471,1020,1
3332,2128,16,0
3333,1131,1375,1
3334,2047,1549,1
3335,1331,1725,1
3336,1345,748,1
3337,812,1781,1
3338,2026,854,0
3339,387,889,0
3340,1181,804,0
3341,1357,1220,0
3342,953,1777,1
3343,2060,1780,0
3344,946,793,1
3345,1166,1134,0
3346,1394,1331,0
3347,2050,1899,1
3348,427,564,1
3349,938,1426,1
3350,152,1452,0
3351,676,1796,1
3352,1131,980,1
3353,894,682,0
3354,1043,1861,0
3355,961,1728,0
3356,726,1746,1
3357,2096,1461,0
3358,2142,1658,1
3359,1777,224,0
3360,1809,517,0
3361,1135,1381,0
3362,1795,931,1
3363,80,1429,0
3364,2227,640,0
3365,1758,934,0
3366,25,830,0
3367,1291,1309,1
3368,1156,1519,0
3369,1854,1774,0
3370,162,784,1
3371,1311,1616,0
3372,154,128,1
3373,2287,1774,1
3374,408,1626,0
3375,2228,1517,0
3376,1724,1663,1
3377,1291,401,0
3378,996,1686,0
3379,976,923,0
3380,112,118,1
3381,953,1548,1
3382,27,245,0
3383,387,947,0
3384,1848,1842,0
3385,2039,1799,1
3386,1919,1192,0
3387,2386,710,0
3388,1103,1267,0
3389,1774,1668,1
3390,942,647,0
3391,739,578,1
3392,1580,783,1
3393,45,490,1
3394,418,1064,0
3395,2082,1409,0
3396,1368,1717,1
3397,1587,1831,0
3398,1435,1456,0
3399,246,147,0
3400,936,1632,1
3401,2130,1694,1
3402,776,1256,0
3403,301,1244,0
3404,1380,1416,0
3405,2210,1045,0
3406,50,1045,0
3407,2199,1248,0
3408,1161,286,0
3409,1945,424,0
3410,990,1846,1
3411,795,1248,1
3412,1348,1889,1
3413,1058,225,0
3414,293,1901,0
3415,86,1224,0
3416,1278,786,1
3417,1615,758,0
3418,116,546,1
3419,738,500,1
3420,1760,1353,0
3421,1131,1784,1
3422,1651,117,0
3423,558,151,1
3424,2253,1774,0
3425,2022,614,0
3426,593,1744,0
3427,241,59,1
3428,1509,1036,0
3429,1440,232,0
3430,1161,1939,0
3431,215,1427,0
3432,143,139,0
3433,1288,402,0
3434,1290,1426,1
3435,1982,1520,0
3436,1319,270,0
3437,40,1527,0
3438,2277,1688,0
3439,1613,884,1
3440,644,2,0
3441,1110,797,1
3442,1412,1014,0
3443,940,1275,1
3444,1435,1153,1
3445,168,782,1
3446,1907,1249,1
3447,1000,1395,1
3448,173,782,1
3449,2331,300,0
3450,1500,1635,1
3451,1752,1687,1
3452,1206,93,0
3453,1400,1759,0
3454,678,118,0
3455,138,514,1
3456,1151,852,0
3457,882,1693,1
3458,1399,1857,1
3459,710,473,0
3460,831,1331,1
3461,1037,1809,1
3462,332,1535,0
3463,1380,1579,0
3464,151,686,1
3465,2039,1235,0
3466,1093,1412,1
3467,1510,1697,1
3468,1617,1825,0
3469,1000,1142,0
3470,518,1790,0
3471,1157,653,1
3472,459,845,0
3473,1666,1680,1
3474,171,1570,0
3475,1805,1618,0
3476,193,809,0
3477,833,492,1
3478,1444,1332,0
3479,1506,1608,0
3480,2000,1833,1
3481,208,1496,0
3482,1925,1268,1
3483,1109,907,1
3484,389,614,1
3485,1376,1552,1
3486,1369,1321,1
3487,2064,1374,0
3488,455,1182,0
3489,1635,1783,0
3490,1772,1176,0
3491,1618,812,0
3492,1493,1312,1
3493,937,490,0
3494,2231,856,0
3495,771,1014,0
3496,833,1241,1
3497,1680,1952,0
3498,438,1374,0
3499,2095,1710,1
3500,552,151,1
3501,942,1421,1
3502,1372,989,1
3503,2296,139,0
3504,1425,1790,1
3505,1866,254,0
3506,756,533,1
3507,1393,1224,0
3508,1232,272,0
3509,1614,1655,1
3510,1742,81,0
3511,1914,1261,1
3512,1375,1830,1
3513,1538,1007,1
3514,1298,815,1
3515,49,66,0
3516,1712,995,1
3517,1043,144,0
3518,1197,720,0
3519,1985,359,0
3520,2358,1926,1
3521,1952,1875,1
3522,2019,210,0
3523,2133,1704,0
3524,1822,1879,1
3525,2317,1160,0
3526,720,1704,0
3527,1682,234,0
3528,1865,1202,1
3529,890,494,0
3530,226,506,0
3531,889,1265,1
3532,424,497,0
3533,1645,909,1
3534,1542,134,0
3535,1344,1787,0
3536,1420,814,1
3537,1437,1839,1
3538,2394,622,0
3539,1738,1530,1
3540,1499,1821,0
3541,2311,577,0
3542,712,19,0
3543,448,723,0
3544,1584,1729,1
3545,2091,1822,1
3546,1835,1561,1
3547,809,178,0
3548,583,1934,0
3549,1759,872,1
3550,525,593,1
3551,219,1642,0
3552,813,1781,1
3553,599,646,1
3554,1168,1587,1
3555,1059,1623,1
3556,2087,1836,0
3557,891,685,1
3558,1049,1559,0
3559,1362,1745,1
3560,1131,1588,1
3561,1348,25,0
3562,287,543,0
3563,1722,784,0
3564,2194,1786,1
3565,719,641,0
3566,1397,1655,1
3567,226,1724,0
3568,711,1700,1
3569,1174,505,0
3570,1312,576,0
3571,177,1093,0
3572,1853,994,1
3573,2105,1064,0
3574,2414,520,0
3575,677,65,0
3576,2051,1552,1
3577,1239,1409,1
3578,1302,1735,1
3579,1842,464,0
3580,1752,952,1
3581,177,411,1
3582,2302,372,0
3583,216,467,1
3584,2223,1848,1
3585,239,358,0
3586,1926,52,0
3587,1641,1390,0
3588,458,617,1
3589,1201,904,1
3590,24,1500,0
3591,450,610,1
3592,1085,1393,1
3593,1527,1783,1
3594,809,481,1
3595,945,793,1
3596,2019,1148,0
3597,525,1855,0
3598,792,1318,0
3599,1206,96,0
3600,1488,861,1
3601,1253,613,0
3602,1244,719,1
3603,2229,1025,0
3604,108,183,1
3605,2041,580,0
3606,2244,1020,0
3607,1787,1451,1
3608,1841,1839,0
3609,1957,1260,0
3610,1157,1495,1
3611,664,479,1
3612,944,1552,1
3613,584,640,0
3614,388,657,0
3615,1542,729,1
3616,603,534,1
3617,308,332,0
3618,1860,1436,1
3619,199,675,0
3620,2347,1374,0
3621,200,591,0
3622,1685,521,0
3623,1123,688,0
3624,1005,674,0
3625,904,527,0
3626,416,1106,0
3627,2208,379,0
3628,77,410,0
3629,1722,132,0
3630,1225,1701,1
3631,1461,1897,1
3632,489,377,0
3633,1539,851,1
3634,1645,1206,1
3635,1122,1654,0
3636,1426,961,1
3637,1377,1601,0
3638,1137,984,1
3639,576,1514,0
3640,350,727,1
3641,800,616,1
3642,43,634,1
3643,394,79,0
3644,564,151,1
3645,282,1744,0
3646,1090,1043,0
3647,1466,1564,1
3648,1509,1361,1
3649,77,225,1
3650,739,245,0
3651,1087,1855,1
3652,845,1329,1
3653,422,569,1
3654,463,431,0
3655,857,727,1
3656,669,1208,0
3657,1385,1460,0
3658,1297,1536,1
3659,713,1492,0
3660,817,523,1
3661,2162,1846,1
