test_sample,probability,risk_class_number,risk_class_label,actual_label
0,0.4411214764788607,1,Medium Risk,0
1,0.8075263459686269,3,Very High Risk,0
2,0.12550011528548694,0,Low Risk,0
3,0.16590688872968748,0,Low Risk,0
4,0.7742690952196062,3,Very High Risk,0
5,0.5505372524977814,2,High Risk,1
6,0.6469349047256553,2,High Risk,0
7,0.07906994185928543,0,Low Risk,0
8,0.7382234030976668,2,High Risk,1
9,0.6952936535341052,2,High Risk,0
10,0.7569798031948145,3,Very High Risk,1
11,0.050867818964044284,0,Low Risk,0
12,0.7965523293205834,3,Very High Risk,1
13,0.33031318886351074,1,Medium Risk,1
14,0.789228167940078,3,Very High Risk,1
15,0.3824309786534973,1,Medium Risk,1
16,0.5298868910426504,2,High Risk,1
17,0.8552683882489023,3,Very High Risk,1
18,0.712542314770617,2,High Risk,0
19,0.12633897473222724,0,Low Risk,0
20,0.8124256168133496,3,Very High Risk,0
21,0.2195767354631148,0,Low Risk,0
22,0.1099779430824159,0,Low Risk,0
23,0.0714084335349789,0,Low Risk,0
24,0.24909507672100636,0,Low Risk,1
25,0.5412999815648073,2,High Risk,0
26,0.04525755679391295,0,Low Risk,0
27,0.10206600656550453,0,Low Risk,0
28,0.8753976505267136,3,Very High Risk,1
29,0.8262198506004029,3,Very High Risk,1
30,0.32286080002681494,1,Medium Risk,0
31,0.40878031050389874,1,Medium Risk,1
32,0.2394217230389551,0,Low Risk,0
33,0.63458901812081,2,High Risk,0
34,0.8191739707619135,3,Very High Risk,1
35,0.13225058189200098,0,Low Risk,0
36,0.050913440624395276,0,Low Risk,0
37,0.8388598106583628,3,Very High Risk,1
38,0.6454655913004359,2,High Risk,0
39,0.7943139874983961,3,Very High Risk,1
40,0.05743447253705616,0,Low Risk,0
41,0.4057316438612094,1,Medium Risk,0
42,0.5270238132433372,2,High Risk,0
43,0.0471969147142716,0,Low Risk,0
44,0.6728075960447955,2,High Risk,1
45,0.5162921848682188,2,High Risk,0
46,0.819834682376459,3,Very High Risk,1
47,0.7850456796476789,3,Very High Risk,0
48,0.6408218998774162,2,High Risk,1
49,0.8912965229852724,3,Very High Risk,1
50,0.4615952021919765,1,Medium Risk,0
51,0.2605041651624131,1,Medium Risk,0
52,0.7768191418280835,3,Very High Risk,1
53,0.6744271122676487,2,High Risk,0
54,0.8417714185416922,3,Very High Risk,1
55,0.7612251977835467,3,Very High Risk,0
56,0.3899346505530536,1,Medium Risk,0
57,0.5250813755732997,2,High Risk,1
58,0.8129542883009782,3,Very High Risk,1
59,0.8265214393220554,3,Very High Risk,1
60,0.12981240244733422,0,Low Risk,0
61,0.23719140981877068,0,Low Risk,1
62,0.5200969427821229,2,High Risk,0
63,0.8436777878678196,3,Very High Risk,0
64,0.7002367987401009,2,High Risk,0
65,0.4653939142284278,1,Medium Risk,0
66,0.11556444528073968,0,Low Risk,0
67,0.4209420798618633,1,Medium Risk,1
68,0.06532635750221737,0,Low Risk,0
69,0.7491873498832265,2,High Risk,1
70,0.3626037845484167,1,Medium Risk,0
71,0.08185657627102001,0,Low Risk,0
72,0.787955377229017,3,Very High Risk,1
73,0.8680385469408272,3,Very High Risk,1
74,0.7230138555615659,2,High Risk,1
75,0.8119084704349757,3,Very High Risk,0
76,0.46409008865801665,1,Medium Risk,0
77,0.482438934687965,1,Medium Risk,0
78,0.1717786194563871,0,Low Risk,0
79,0.41232986795991494,1,Medium Risk,1
80,0.38092201993416813,1,Medium Risk,0
81,0.8961964619230606,3,Very High Risk,1
82,0.4482149015704373,1,Medium Risk,1
83,0.09275036257892713,0,Low Risk,0
84,0.5044530231311728,2,High Risk,1
85,0.6576850156297956,2,High Risk,1
86,0.09241283649591049,0,Low Risk,0
87,0.1459727920941593,0,Low Risk,1
88,0.5865961472956167,2,High Risk,0
89,0.8575493736110272,3,Very High Risk,0
90,0.7376116115076419,2,High Risk,1
91,0.14487496338378805,0,Low Risk,0
92,0.08613104722298828,0,Low Risk,0
93,0.5942552408244766,2,High Risk,1
94,0.5283883882571975,2,High Risk,1
95,0.7600752496532126,3,Very High Risk,1
96,0.7852605721436144,3,Very High Risk,0
97,0.4285975633260239,1,Medium Risk,0
98,0.7719119425134717,3,Very High Risk,1
99,0.7201868376559579,2,High Risk,1
100,0.1175434391200084,0,Low Risk,0
101,0.07492609086913735,0,Low Risk,0
102,0.2979424645506354,1,Medium Risk,0
103,0.07734903720599459,0,Low Risk,0
104,0.047050412269605595,0,Low Risk,0
105,0.8600166468064213,3,Very High Risk,1
106,0.047602221374890744,0,Low Risk,0
107,0.059534949443544136,0,Low Risk,0
108,0.6270753263653283,2,High Risk,1
109,0.04897448634854193,0,Low Risk,0
110,0.8980533560145085,3,Very High Risk,1
111,0.46008241158843016,1,Medium Risk,0
112,0.7662578982855152,3,Very High Risk,1
113,0.715803492108317,2,High Risk,1
114,0.8687619952761139,3,Very High Risk,1
115,0.8143487973258954,3,Very High Risk,0
116,0.7853553290841987,3,Very High Risk,1
117,0.3513686935452486,1,Medium Risk,0
118,0.23210080343568362,0,Low Risk,0
119,0.46980893858887796,1,Medium Risk,0
120,0.18881124636521815,0,Low Risk,0
121,0.5134678292221155,2,High Risk,0
122,0.8524753947672973,3,Very High Risk,1
123,0.3007196309487182,1,Medium Risk,0
124,0.07992831017141583,0,Low Risk,0
125,0.3171094846605948,1,Medium Risk,0
126,0.16749928053924304,0,Low Risk,0
127,0.651352689460928,2,High Risk,1
128,0.6381645311405634,2,High Risk,1
129,0.045374328113485046,0,Low Risk,0
130,0.8223682747282235,3,Very High Risk,1
131,0.5771179038690126,2,High Risk,1
132,0.6125895550180341,2,High Risk,0
133,0.8243389109455005,3,Very High Risk,1
134,0.06677447479792081,0,Low Risk,0
135,0.5188628770445961,2,High Risk,1
136,0.20909384575887896,0,Low Risk,0
137,0.05375302746817304,0,Low Risk,0
138,0.7100983277907229,2,High Risk,1
139,0.6706151676688001,2,High Risk,1
140,0.40197677605149257,1,Medium Risk,1
141,0.7875353713508203,3,Very High Risk,1
142,0.6463473834524747,2,High Risk,1
143,0.08542182401309166,0,Low Risk,0
144,0.49793710751564957,1,Medium Risk,1
145,0.7790735972446938,3,Very High Risk,1
146,0.8751642808563378,3,Very High Risk,1
147,0.6216496628403957,2,High Risk,0
148,0.04864846895275611,0,Low Risk,0
149,0.6686885260146848,2,High Risk,0
150,0.6032668438995393,2,High Risk,1
151,0.7649438773217121,3,Very High Risk,0
152,0.6876708098621215,2,High Risk,1
153,0.6236927193864005,2,High Risk,0
154,0.25522986652551516,1,Medium Risk,0
155,0.309699324808405,1,Medium Risk,1
156,0.4239039577771271,1,Medium Risk,0
157,0.09968939974863018,0,Low Risk,0
158,0.05731285106801926,0,Low Risk,0
159,0.8411200455665905,3,Very High Risk,1
160,0.14692045795721742,0,Low Risk,0
161,0.7459493972566894,2,High Risk,0
162,0.7927678099104385,3,Very High Risk,0
163,0.13205062563755735,0,Low Risk,0
164,0.7277735670324739,2,High Risk,1
165,0.21275078716672033,0,Low Risk,0
166,0.24957677650714002,0,Low Risk,0
167,0.8241292528349655,3,Very High Risk,1
168,0.8767519426432109,3,Very High Risk,1
169,0.11359939038296042,0,Low Risk,0
170,0.7793164408390009,3,Very High Risk,0
171,0.6339658561702305,2,High Risk,0
172,0.04332130400261858,0,Low Risk,0
173,0.8766442344982497,3,Very High Risk,1
174,0.4685899812325674,1,Medium Risk,0
175,0.7095756968312928,2,High Risk,1
176,0.05796155382727106,0,Low Risk,0
177,0.04421200010873138,0,Low Risk,0
178,0.048572285864904065,0,Low Risk,0
179,0.6636744636109279,2,High Risk,1
180,0.5062018387296487,2,High Risk,1
181,0.10122729821478442,0,Low Risk,0
182,0.8717139362528772,3,Very High Risk,1
183,0.2357133783280776,0,Low Risk,0
184,0.49753967460344173,1,Medium Risk,1
185,0.2923764785039117,1,Medium Risk,1
186,0.044521734153545864,0,Low Risk,0
187,0.6705873437617033,2,High Risk,0
188,0.786917512943558,3,Very High Risk,0
189,0.8337762747210617,3,Very High Risk,1
190,0.8406990488815175,3,Very High Risk,0
191,0.6074790303590689,2,High Risk,1
192,0.11272635599394518,0,Low Risk,0
193,0.6660137253519955,2,High Risk,1
194,0.8809510989902507,3,Very High Risk,1
195,0.07878998071958761,0,Low Risk,0
196,0.6747279238570711,2,High Risk,0
197,0.8188132852046822,3,Very High Risk,1
198,0.05161288417905324,0,Low Risk,0
199,0.04346139566838969,0,Low Risk,0
200,0.8593843201211295,3,Very High Risk,1
201,0.09516313516096463,0,Low Risk,0
202,0.6246333697374296,2,High Risk,1
203,0.8402609319764961,3,Very High Risk,1
204,0.46743372002862293,1,Medium Risk,0
205,0.06857193223301075,0,Low Risk,0
206,0.10412285090709589,0,Low Risk,0
207,0.11281224256931513,0,Low Risk,0
208,0.7766249493038366,3,Very High Risk,0
209,0.8872637802599376,3,Very High Risk,0
210,0.7470335302686213,2,High Risk,1
211,0.4739288608619773,1,Medium Risk,1
212,0.5489108275941194,2,High Risk,0
213,0.2973433572659686,1,Medium Risk,0
214,0.7418938032218662,2,High Risk,1
215,0.04507666564329467,0,Low Risk,0
216,0.7570256170531747,3,Very High Risk,1
217,0.45668543271728806,1,Medium Risk,0
218,0.5160148059763321,2,High Risk,1
219,0.63117056169321,2,High Risk,1
220,0.8985879923874716,3,Very High Risk,1
221,0.5695058986567442,2,High Risk,0
222,0.09051378839556434,0,Low Risk,0
223,0.05765403510924651,0,Low Risk,0
224,0.897669550626403,3,Very High Risk,1
225,0.05156421131113497,0,Low Risk,0
226,0.2704320386571748,1,Medium Risk,0
227,0.5532131771369656,2,High Risk,1
228,0.22620420786582313,0,Low Risk,0
229,0.7716675299297406,3,Very High Risk,0
230,0.6438681341667668,2,High Risk,0
231,0.420455610872922,1,Medium Risk,1
232,0.6980338541511137,2,High Risk,0
233,0.1150120113694731,0,Low Risk,0
234,0.8365110713060818,3,Very High Risk,0
235,0.8289886199373431,3,Very High Risk,1
236,0.5752262781344567,2,High Risk,1
237,0.5456733019332028,2,High Risk,1
238,0.1110997420611073,0,Low Risk,0
239,0.5837132671990793,2,High Risk,1
240,0.5627617681980124,2,High Risk,0
241,0.43051882531914276,1,Medium Risk,0
242,0.5278324718607385,2,High Risk,0
243,0.8260591602205035,3,Very High Risk,0
244,0.226371776798129,0,Low Risk,0
245,0.840513312299627,3,Very High Risk,1
246,0.6133551363905407,2,High Risk,1
247,0.6151639627512323,2,High Risk,0
248,0.5202745758343372,2,High Risk,1
249,0.7505851778724156,3,Very High Risk,1
250,0.1352660787029194,0,Low Risk,0
251,0.07154664908111351,0,Low Risk,0
252,0.48055311920494553,1,Medium Risk,1
253,0.6573297908194703,2,High Risk,1
254,0.829798900789892,3,Very High Risk,1
255,0.09166687838502419,0,Low Risk,0
256,0.7728133369162753,3,Very High Risk,1
257,0.048264664303329874,0,Low Risk,0
258,0.7835833540046422,3,Very High Risk,0
259,0.04314921073598961,0,Low Risk,0
260,0.3802765627442212,1,Medium Risk,0
261,0.8255692001880292,3,Very High Risk,0
262,0.3361682695622527,1,Medium Risk,1
263,0.8517058714431351,3,Very High Risk,1
264,0.8720154100036696,3,Very High Risk,1
265,0.48108824090064484,1,Medium Risk,1
266,0.8652435306106404,3,Very High Risk,1
267,0.4172002706107878,1,Medium Risk,1
268,0.5911883686810345,2,High Risk,1
269,0.7167422959549099,2,High Risk,1
270,0.8982607288445708,3,Very High Risk,1
271,0.07571255515436963,0,Low Risk,0
272,0.17860792058973593,0,Low Risk,0
273,0.680752218573082,2,High Risk,1
274,0.06100949187048062,0,Low Risk,0
275,0.043769208759238704,0,Low Risk,0
276,0.7377846585803268,2,High Risk,0
277,0.8366469304696028,3,Very High Risk,1
278,0.8037168833453129,3,Very High Risk,1
279,0.4371246145030196,1,Medium Risk,1
280,0.47406971887467103,1,Medium Risk,1
281,0.5545002900210957,2,High Risk,1
282,0.8880616264978224,3,Very High Risk,1
283,0.1006795512850286,0,Low Risk,0
284,0.04375260792152305,0,Low Risk,0
285,0.34392216964674577,1,Medium Risk,0
286,0.2952027403755621,1,Medium Risk,0
287,0.05037786229978566,0,Low Risk,0
288,0.47178098854510975,1,Medium Risk,1
289,0.37860218394811945,1,Medium Risk,0
290,0.5229060417193602,2,High Risk,1
291,0.05442658337407816,0,Low Risk,0
292,0.7088026119122511,2,High Risk,1
293,0.16248614931660565,0,Low Risk,0
294,0.7508250291686448,3,Very High Risk,0
295,0.8529182477110878,3,Very High Risk,1
296,0.8390370693025087,3,Very High Risk,0
297,0.31888975200713904,1,Medium Risk,0
298,0.11556346458691308,0,Low Risk,0
299,0.44754103764269426,1,Medium Risk,0
300,0.7750964615240145,3,Very High Risk,1
301,0.8779391683917976,3,Very High Risk,1
302,0.6281419391777903,2,High Risk,0
303,0.8982897975219646,3,Very High Risk,1
304,0.5696091548122613,2,High Risk,1
305,0.7638078940227191,3,Very High Risk,1
306,0.7920757945787136,3,Very High Risk,0
307,0.05971773421578007,0,Low Risk,0
308,0.16888352886446945,0,Low Risk,0
309,0.22647305697181985,0,Low Risk,0
310,0.1312593136466977,0,Low Risk,0
311,0.7165665823360641,2,High Risk,1
312,0.8186653718665178,3,Very High Risk,1
313,0.27333815809665074,1,Medium Risk,1
314,0.04557950637464426,0,Low Risk,0
315,0.6804452215611886,2,High Risk,1
316,0.051189888898787665,0,Low Risk,0
317,0.6228447489526938,2,High Risk,1
318,0.3863812766273665,1,Medium Risk,0
319,0.2786919785769421,1,Medium Risk,1
320,0.11557070557335615,0,Low Risk,0
321,0.6925977283468463,2,High Risk,0
322,0.753651185026872,3,Very High Risk,1
323,0.7503396377547188,3,Very High Risk,1
324,0.5596676458928618,2,High Risk,0
325,0.0914729918048469,0,Low Risk,0
326,0.6229058205292165,2,High Risk,1
327,0.04740806812810876,0,Low Risk,0
328,0.06101518992937289,0,Low Risk,0
329,0.32652555294941066,1,Medium Risk,0
330,0.7059042302159868,2,High Risk,0
331,0.060439771835517034,0,Low Risk,0
332,0.7518609308880227,3,Very High Risk,1
333,0.7931975076763506,3,Very High Risk,1
334,0.5602526733644082,2,High Risk,1
335,0.09760104076072058,0,Low Risk,0
336,0.5475934539077213,2,High Risk,1
337,0.8586275771176022,3,Very High Risk,1
338,0.8459682491590036,3,Very High Risk,1
339,0.8687390559419687,3,Very High Risk,1
340,0.7981875143388109,3,Very High Risk,1
341,0.8227981211735513,3,Very High Risk,0
342,0.7106157303926055,2,High Risk,1
343,0.06359387567775232,0,Low Risk,0
344,0.7772621769934396,3,Very High Risk,0
345,0.8368002572551346,3,Very High Risk,0
346,0.07315132846668496,0,Low Risk,0
347,0.5166024152009554,2,High Risk,0
348,0.811279241162256,3,Very High Risk,1
349,0.06236957808215696,0,Low Risk,0
350,0.7948975445317759,3,Very High Risk,1
351,0.04949636959757593,0,Low Risk,0
352,0.08787633752824384,0,Low Risk,0
353,0.5762680489155751,2,High Risk,1
354,0.6351698951548518,2,High Risk,0
355,0.5905702036402387,2,High Risk,0
356,0.8142874547321567,3,Very High Risk,1
357,0.21376265953917903,0,Low Risk,0
358,0.5775649834081458,2,High Risk,1
359,0.36812572384511205,1,Medium Risk,0
360,0.5079443569856072,2,High Risk,0
361,0.0686887187201226,0,Low Risk,0
362,0.3300247417565128,1,Medium Risk,1
363,0.04699898680966947,0,Low Risk,0
364,0.8477456767757136,3,Very High Risk,1
365,0.048034231219086204,0,Low Risk,0
366,0.7755980215212324,3,Very High Risk,1
367,0.45178263268782565,1,Medium Risk,0
368,0.7937703160779211,3,Very High Risk,1
369,0.660661717220724,2,High Risk,1
370,0.08763914683734356,0,Low Risk,0
371,0.1322016877754347,0,Low Risk,1
372,0.048756936242012994,0,Low Risk,0
373,0.14905647752749837,0,Low Risk,1
374,0.32395300712764497,1,Medium Risk,0
375,0.6923959009242661,2,High Risk,1
376,0.8923001357097244,3,Very High Risk,0
377,0.1005846967005459,0,Low Risk,0
378,0.1389937454650312,0,Low Risk,0
379,0.5118576604344258,2,High Risk,1
380,0.4708457610469525,1,Medium Risk,0
381,0.8574697476093227,3,Very High Risk,1
382,0.09021001577761892,0,Low Risk,1
383,0.897998518522956,3,Very High Risk,1
384,0.5318522123500228,2,High Risk,0
385,0.656712484808127,2,High Risk,1
386,0.5998229261862056,2,High Risk,0
387,0.8506568076265466,3,Very High Risk,1
388,0.6013844102256237,2,High Risk,1
389,0.22726790588572576,0,Low Risk,0
390,0.04918200079447348,0,Low Risk,0
391,0.8500405145038696,3,Very High Risk,1
392,0.07662346935578931,0,Low Risk,0
393,0.8747976850618071,3,Very High Risk,0
394,0.2964477992926809,1,Medium Risk,1
395,0.7226484153639791,2,High Risk,0
396,0.2138830985556059,0,Low Risk,0
397,0.48485076741830585,1,Medium Risk,0
398,0.7680919155676517,3,Very High Risk,1
399,0.6002370850792321,2,High Risk,1
400,0.13031279239173693,0,Low Risk,0
401,0.8236845237615438,3,Very High Risk,0
402,0.7865043356637856,3,Very High Risk,1
403,0.06810467081956921,0,Low Risk,0
404,0.8968702211052931,3,Very High Risk,1
405,0.0902219870290379,0,Low Risk,0
406,0.6672687086038924,2,High Risk,1
407,0.4616751113141423,1,Medium Risk,1
408,0.7336270611515466,2,High Risk,1
409,0.8961158849031011,3,Very High Risk,1
410,0.8417754290186813,3,Very High Risk,0
411,0.28725799191902135,1,Medium Risk,0
412,0.24897667116601116,0,Low Risk,0
413,0.637252105888117,2,High Risk,0
414,0.8827257024556485,3,Very High Risk,1
415,0.6091451463345755,2,High Risk,0
416,0.6904959899708162,2,High Risk,0
417,0.04691174124181928,0,Low Risk,0
418,0.6876044995637701,2,High Risk,0
419,0.6823175171026236,2,High Risk,0
420,0.06252737743791237,0,Low Risk,0
421,0.24985106132397578,0,Low Risk,0
422,0.7855845309669252,3,Very High Risk,0
423,0.6964974360028421,2,High Risk,1
424,0.7824567211034211,3,Very High Risk,1
425,0.17846624358469276,0,Low Risk,0
426,0.2686519864285317,1,Medium Risk,0
427,0.6787367354239097,2,High Risk,1
428,0.8612337786590192,3,Very High Risk,1
429,0.83416516057507,3,Very High Risk,1
430,0.4911914520988581,1,Medium Risk,1
431,0.8345595218826358,3,Very High Risk,1
432,0.659777618130723,2,High Risk,1
433,0.20120636163001773,0,Low Risk,0
434,0.5717688523709179,2,High Risk,1
435,0.8873728093011085,3,Very High Risk,1
436,0.04728048520683633,0,Low Risk,0
437,0.6057197680683628,2,High Risk,1
438,0.07764788322329533,0,Low Risk,0
439,0.06809351111017038,0,Low Risk,0
440,0.8638126594081204,3,Very High Risk,1
441,0.14889675673824823,0,Low Risk,0
442,0.8742590849292046,3,Very High Risk,1
443,0.8300659359611796,3,Very High Risk,1
444,0.6746049450356738,2,High Risk,1
445,0.7754749529374911,3,Very High Risk,1
446,0.391602811681984,1,Medium Risk,0
447,0.6016073724024125,2,High Risk,1
448,0.06980737007654335,0,Low Risk,0
449,0.7324941656120564,2,High Risk,1
450,0.5393303237591086,2,High Risk,0
451,0.13481805043113515,0,Low Risk,0
452,0.8009031743585546,3,Very High Risk,1
453,0.1474546219942002,0,Low Risk,0
454,0.6150756373969665,2,High Risk,0
455,0.8772832179020997,3,Very High Risk,1
456,0.7621645867889499,3,Very High Risk,1
457,0.7152985884863665,2,High Risk,1
458,0.6726703530659527,2,High Risk,0
459,0.8034382649040985,3,Very High Risk,1
460,0.714410292687371,2,High Risk,0
461,0.09752787428946724,0,Low Risk,0
462,0.4140945098963407,1,Medium Risk,1
463,0.34697991288026164,1,Medium Risk,1
464,0.6994384919476492,2,High Risk,1
465,0.5119385270526193,2,High Risk,0
466,0.8567970750905629,3,Very High Risk,1
467,0.6527096607454093,2,High Risk,1
468,0.3544017912367496,1,Medium Risk,0
469,0.4117786597573319,1,Medium Risk,1
470,0.04614707575745368,0,Low Risk,0
471,0.13536620446473682,0,Low Risk,0
472,0.7126383462208119,2,High Risk,0
473,0.1534388330255809,0,Low Risk,0
474,0.05016657746382721,0,Low Risk,0
475,0.09057725907932732,0,Low Risk,0
476,0.05201936395670135,0,Low Risk,0
477,0.6629765050599105,2,High Risk,0
478,0.6965733655159412,2,High Risk,0
479,0.5693519207155912,2,High Risk,1
480,0.05861526766915057,0,Low Risk,0
481,0.6633293637724402,2,High Risk,0
482,0.8216295694338255,3,Very High Risk,1
483,0.717568174847351,2,High Risk,1
484,0.05977389251016312,0,Low Risk,0
485,0.46958176425788223,1,Medium Risk,0
486,0.04913359630996594,0,Low Risk,0
487,0.1073721193624993,0,Low Risk,0
488,0.8600311801167905,3,Very High Risk,1
489,0.8885715175362392,3,Very High Risk,1
490,0.06532442054895232,0,Low Risk,0
491,0.7449387023156953,2,High Risk,1
492,0.5835420831544469,2,High Risk,1
493,0.286458735563446,1,Medium Risk,1
494,0.8104424433673577,3,Very High Risk,0
495,0.1365013138244319,0,Low Risk,0
496,0.700010782585138,2,High Risk,1
497,0.8104050837723342,3,Very High Risk,1
498,0.4093088924036739,1,Medium Risk,1
499,0.8095039697015762,3,Very High Risk,0
500,0.18517156718977082,0,Low Risk,0
501,0.2821683162140776,1,Medium Risk,1
502,0.8335080133802619,3,Very High Risk,1
503,0.18504252089688727,0,Low Risk,0
504,0.06589505936908861,0,Low Risk,0
505,0.8194939655196603,3,Very High Risk,1
506,0.1538705077404556,0,Low Risk,0
507,0.08361025673890113,0,Low Risk,0
508,0.2725673739444403,1,Medium Risk,0
509,0.6106560540600621,2,High Risk,1
510,0.7586015583612699,3,Very High Risk,1
511,0.23952166653532017,0,Low Risk,1
512,0.17443607259779015,0,Low Risk,0
513,0.8922749981034954,3,Very High Risk,1
514,0.046845927512806126,0,Low Risk,0
515,0.07161802382719129,0,Low Risk,0
516,0.5517198768359012,2,High Risk,0
517,0.04950972835070449,0,Low Risk,0
518,0.832781229972782,3,Very High Risk,1
519,0.19512951300059642,0,Low Risk,0
520,0.06214817800528997,0,Low Risk,0
521,0.6841444633519258,2,High Risk,0
522,0.6310082457983738,2,High Risk,1
523,0.5075414328276531,2,High Risk,0
524,0.05854662703121859,0,Low Risk,0
525,0.07750983678594436,0,Low Risk,0
526,0.7582090321673531,3,Very High Risk,1
527,0.5679816712036097,2,High Risk,1
528,0.061652717929086595,0,Low Risk,0
529,0.3103742929750696,1,Medium Risk,0
530,0.3775809408431285,1,Medium Risk,0
531,0.7509430234605929,3,Very High Risk,0
532,0.7877649880042286,3,Very High Risk,0
533,0.3494252434672292,1,Medium Risk,0
534,0.44222263373775295,1,Medium Risk,1
535,0.8106619418799075,3,Very High Risk,1
536,0.8502686310892027,3,Very High Risk,0
537,0.7083929067733452,2,High Risk,0
538,0.8339414259286553,3,Very High Risk,0
539,0.8054312171825756,3,Very High Risk,1
540,0.6750496974451057,2,High Risk,1
541,0.7547255273999275,3,Very High Risk,0
542,0.8572169261508042,3,Very High Risk,0
543,0.8602140690845244,3,Very High Risk,1
544,0.13382004600992717,0,Low Risk,0
545,0.5149166889256063,2,High Risk,1
546,0.16022975912778648,0,Low Risk,0
547,0.045046070882474004,0,Low Risk,0
548,0.7219152024075521,2,High Risk,0
549,0.6579837899553179,2,High Risk,1
550,0.6326689286942019,2,High Risk,0
551,0.46594236135132244,1,Medium Risk,0
552,0.7591973630224131,3,Very High Risk,1
553,0.6973606235103899,2,High Risk,1
554,0.5346253676691896,2,High Risk,1
555,0.7959941560073323,3,Very High Risk,1
556,0.8463990149963017,3,Very High Risk,1
557,0.29221941915310223,1,Medium Risk,0
558,0.3764261711599265,1,Medium Risk,0
559,0.42037526139034526,1,Medium Risk,0
560,0.8261039428836726,3,Very High Risk,0
561,0.2796246502336221,1,Medium Risk,1
562,0.05374978048957472,0,Low Risk,0
563,0.5791582340200113,2,High Risk,1
564,0.6087518170148913,2,High Risk,1
565,0.7768145387249046,3,Very High Risk,1
566,0.14088807214128898,0,Low Risk,0
567,0.4667718727552023,1,Medium Risk,1
568,0.5377034746445076,2,High Risk,0
569,0.6655319971409733,2,High Risk,1
570,0.7398336471775016,2,High Risk,1
571,0.6434693072756207,2,High Risk,1
572,0.7336730182830923,2,High Risk,0
573,0.16592663900307256,0,Low Risk,0
574,0.5305805444734379,2,High Risk,0
575,0.8524893409206986,3,Very High Risk,1
576,0.40740426780164185,1,Medium Risk,0
577,0.5333386372076085,2,High Risk,1
578,0.07730006712041831,0,Low Risk,0
579,0.8519977115697771,3,Very High Risk,0
580,0.18574404671425246,0,Low Risk,1
581,0.06655498419652082,0,Low Risk,0
582,0.8763882065340743,3,Very High Risk,1
583,0.400687315408034,1,Medium Risk,0
584,0.0837175428249998,0,Low Risk,0
585,0.6961384055486826,2,High Risk,1
586,0.6387481391107249,2,High Risk,0
587,0.7159787913058958,2,High Risk,0
588,0.6449505936522039,2,High Risk,0
589,0.3432382072346924,1,Medium Risk,0
590,0.07296475935416592,0,Low Risk,0
591,0.29730832829380366,1,Medium Risk,1
592,0.8683396547659502,3,Very High Risk,1
593,0.07706493272832984,0,Low Risk,0
594,0.530090761294598,2,High Risk,1
595,0.8017617696240299,3,Very High Risk,1
596,0.8118810554570297,3,Very High Risk,1
597,0.5983956290283501,2,High Risk,1
598,0.8000746205068394,3,Very High Risk,1
599,0.07240212131336496,0,Low Risk,0
600,0.4599802108785624,1,Medium Risk,0
601,0.7866612277491789,3,Very High Risk,1
602,0.7164590922274287,2,High Risk,1
603,0.4102822305613237,1,Medium Risk,0
604,0.11369503736980374,0,Low Risk,0
605,0.5527964242938795,2,High Risk,0
606,0.8893402477337461,3,Very High Risk,1
607,0.5374859556250671,2,High Risk,1
608,0.6387809905682977,2,High Risk,1
609,0.5268647052276899,2,High Risk,1
610,0.33251017838114927,1,Medium Risk,0
611,0.7488567444058594,2,High Risk,0
612,0.29804138580887274,1,Medium Risk,1
613,0.7725285956379107,3,Very High Risk,1
614,0.8832800818670067,3,Very High Risk,1
615,0.21894832862294872,0,Low Risk,1
616,0.43377281594707445,1,Medium Risk,0
617,0.6906726553690138,2,High Risk,0
618,0.26911461763372585,1,Medium Risk,0
619,0.043106519613000646,0,Low Risk,0
620,0.8227896374774435,3,Very High Risk,1
621,0.049521652043331615,0,Low Risk,0
622,0.6169225018288983,2,High Risk,1
623,0.6946418270093473,2,High Risk,1
624,0.06859013178945085,0,Low Risk,0
625,0.5308586262479756,2,High Risk,0
626,0.04962157286589701,0,Low Risk,0
627,0.8622315053642587,3,Very High Risk,1
628,0.8764970380522318,3,Very High Risk,0
629,0.04640270601813623,0,Low Risk,0
630,0.8273954385551835,3,Very High Risk,1
631,0.07549107855805053,0,Low Risk,0
632,0.14277317678084164,0,Low Risk,0
633,0.7223545663121174,2,High Risk,1
634,0.8574528101579652,3,Very High Risk,1
635,0.193411627145825,0,Low Risk,0
636,0.43772912518140183,1,Medium Risk,1
637,0.7750107825241437,3,Very High Risk,0
638,0.8864428601666082,3,Very High Risk,1
639,0.35496860435698496,1,Medium Risk,0
640,0.8351624225444898,3,Very High Risk,0
641,0.05367235448715579,0,Low Risk,0
642,0.07637790335664812,0,Low Risk,0
643,0.35848226719709364,1,Medium Risk,1
644,0.6914294541914334,2,High Risk,1
645,0.8170596441504369,3,Very High Risk,1
646,0.8265648641904566,3,Very High Risk,1
647,0.6573904269068452,2,High Risk,1
648,0.8516272987921294,3,Very High Risk,1
649,0.877518487045077,3,Very High Risk,1
650,0.0880368782059533,0,Low Risk,0
651,0.47668108354355315,1,Medium Risk,0
652,0.34909716007016456,1,Medium Risk,1
653,0.7409691281312129,2,High Risk,1
654,0.04900660174628669,0,Low Risk,0
655,0.7762649815861907,3,Very High Risk,0
656,0.411623685193297,1,Medium Risk,0
657,0.8949942610099074,3,Very High Risk,1
658,0.6379672238614268,2,High Risk,0
659,0.7782951229444812,3,Very High Risk,1
660,0.5457131369799662,2,High Risk,1
661,0.4293164828922523,1,Medium Risk,1
662,0.09632564910405361,0,Low Risk,0
663,0.7178151971625316,2,High Risk,1
664,0.41480759428571545,1,Medium Risk,0
665,0.7222481240752283,2,High Risk,0
666,0.7036591763000254,2,High Risk,1
667,0.8418180217464006,3,Very High Risk,0
668,0.8256571516082375,3,Very High Risk,0
669,0.7489406025409995,2,High Risk,0
670,0.45278174623697887,1,Medium Risk,0
671,0.7017429460993487,2,High Risk,1
672,0.8959756114333123,3,Very High Risk,0
673,0.18549872742116277,0,Low Risk,0
674,0.5979561284573798,2,High Risk,1
675,0.7932940894463625,3,Very High Risk,1
676,0.8918471726988119,3,Very High Risk,1
677,0.27127208382124124,1,Medium Risk,1
678,0.3434677617484635,1,Medium Risk,1
679,0.8470229338100927,3,Very High Risk,1
680,0.8174384584518416,3,Very High Risk,0
681,0.6128803929635623,2,High Risk,0
682,0.4732755172658883,1,Medium Risk,1
683,0.851257515796225,3,Very High Risk,1
684,0.28844267474669105,1,Medium Risk,0
685,0.7742213621065804,3,Very High Risk,1
686,0.8310843098107437,3,Very High Risk,1
687,0.907616713152658,3,Very High Risk,0
688,0.6802314386451072,2,High Risk,1
689,0.04940107691871608,0,Low Risk,0
690,0.7029829707557658,2,High Risk,1
691,0.46285621741847854,1,Medium Risk,0
692,0.4263464449554009,1,Medium Risk,0
693,0.8476429259297633,3,Very High Risk,1
694,0.0652288726024119,0,Low Risk,0
695,0.7051039726212714,2,High Risk,1
696,0.763719487046827,3,Very High Risk,1
697,0.11648637348365266,0,Low Risk,0
698,0.33325979302922004,1,Medium Risk,0
699,0.6581172944005901,2,High Risk,1
700,0.8767798950536893,3,Very High Risk,1
701,0.7293518461859113,2,High Risk,1
702,0.36166222423951744,1,Medium Risk,0
703,0.7948007140125047,3,Very High Risk,1
704,0.8113970101301174,3,Very High Risk,1
705,0.5582221044656982,2,High Risk,1
706,0.5748415727299229,2,High Risk,0
707,0.04583656031538126,0,Low Risk,0
708,0.7317664721332914,2,High Risk,1
709,0.04624525273658986,0,Low Risk,0
710,0.09692072753106594,0,Low Risk,0
711,0.6645699837561327,2,High Risk,1
712,0.7301591832169554,2,High Risk,1
713,0.8207661671729422,3,Very High Risk,1
714,0.67021537569192,2,High Risk,0
715,0.845598478940729,3,Very High Risk,1
716,0.7820615439391408,3,Very High Risk,0
717,0.6640346451778476,2,High Risk,0
718,0.8401369579917635,3,Very High Risk,0
719,0.5441983767548639,2,High Risk,1
720,0.7821794805874617,3,Very High Risk,1
721,0.5933996221388326,2,High Risk,0
722,0.547347326377391,2,High Risk,1
723,0.45035442183122326,1,Medium Risk,0
724,0.35904257142452944,1,Medium Risk,1
725,0.633437893867719,2,High Risk,0
726,0.10730323816460201,0,Low Risk,0
727,0.8046301205088255,3,Very High Risk,0
728,0.8458472886111933,3,Very High Risk,0
729,0.09130519524032252,0,Low Risk,0
730,0.7295641651882601,2,High Risk,1
731,0.1903193899718631,0,Low Risk,0
732,0.6799215844492416,2,High Risk,1
